URL,creator_name,total_post,patreon_number,income_per_month,tier_post_data,post_year_count,tier_count,total_links,facebook,twitter,instagram,youtube,twitch,tiktok,discord,social_link_count,text_posts,image_posts,video_posts,podcast_posts,audio_posts,link_posts,poll_posts,livestream_posts,other_posts,unknown,public_likes,public_comments,locked_likes,locked_comments,total_likes_combined,total_comments_combined,free_chat_count,paid_chat_count,membership_tier_count,membership_tiers_json,about_word_count
https://www.patreon.com/patronizer,Patronizer,13,220,340.3,{},"{'2024': 2, '2018': 3, '2017': 8}",0,0,no,no,no,no,no,no,no,0,6,5,1,0,0,0,1,0,0,0,23,29,1,3,0,0,0,0,6,"[{""name"": ""Party Magician"", ""price"": 1.0, ""description_word_count"": 26, ""tier_id"": ""647614""}, {""name"": ""Potion Seller"", ""price"": 3.0, ""description_word_count"": 22, ""tier_id"": ""2065745""}, {""name"": ""Apothecary"", ""price"": 5.0, ""description_word_count"": 24, ""tier_id"": ""647615""}, {""name"": ""Wizard’s Apprentice"", ""price"": 10.0, ""description_word_count"": 32, ""tier_id"": ""647616""}, {""name"": ""Wizard"", ""price"": 20.0, ""description_word_count"": 35, ""tier_id"": ""2065748""}, {""name"": ""Shadow Wizard"", ""price"": 30.0, ""description_word_count"": 23, ""tier_id"": ""2065749""}]",454
https://www.patreon.com/hexatail,Hexatail,207,4775,0,{},"{'2025': 14, '2024': 42, '2023': 47, '2022': 38, '2021': 61, '2020': 5}",0,0,no,no,no,no,no,no,no,0,32,125,0,0,0,0,50,0,0,0,1061,128,2662,1638,0,0,0,0,4,"[{""name"": ""Student"", ""price"": 2.0, ""description_word_count"": 17, ""tier_id"": ""6092341""}, {""name"": ""Teacher"", ""price"": 5.0, ""description_word_count"": 17, ""tier_id"": ""5520074""}, {""name"": ""Superstar"", ""price"": 10.0, ""description_word_count"": 22, ""tier_id"": ""5520075""}, {""name"": ""Agent"", ""price"": 50.0, ""description_word_count"": 26, ""tier_id"": ""6092564""}]",270
https://www.patreon.com/patronizer,Patronizer,13,220,340.3,{},"{'2024': 2, '2018': 3, '2017': 8}",0,0,no,no,no,no,no,no,no,0,6,5,1,0,0,0,1,0,0,0,23,29,1,3,0,0,0,0,6,"[{""name"": ""Party Magician"", ""price"": 1.0, ""description_word_count"": 26, ""tier_id"": ""647614""}, {""name"": ""Potion Seller"", ""price"": 3.0, ""description_word_count"": 22, ""tier_id"": ""2065745""}, {""name"": ""Apothecary"", ""price"": 5.0, ""description_word_count"": 24, ""tier_id"": ""647615""}, {""name"": ""Wizard’s Apprentice"", ""price"": 10.0, ""description_word_count"": 32, ""tier_id"": ""647616""}, {""name"": ""Wizard"", ""price"": 20.0, ""description_word_count"": 35, ""tier_id"": ""2065748""}, {""name"": ""Shadow Wizard"", ""price"": 30.0, ""description_word_count"": 23, ""tier_id"": ""2065749""}]",454
https://www.patreon.com/basicallyunfiltered,Basically Unfiltered,97,0,0,{},"{'2025': 36, '2024': 61}",0,1,no,no,no,yes,no,no,no,1,7,15,72,0,0,0,1,0,0,0,0,0,2367,9569,0,0,2,0,2,"[{""name"": ""SO GOOD"", ""price"": 5.0, ""description_word_count"": 13, ""tier_id"": ""23855859""}, {""name"": ""SO F*CKIN GOOD"", ""price"": 10.0, ""description_word_count"": 32, ""tier_id"": ""23855870""}]",4
https://www.patreon.com/MarketMaestro,MarketMaestro,9300,733,0,{},"{'2025': 2386, '2024': 6914}",0,0,no,no,no,no,no,no,no,0,3075,6221,3,0,0,0,0,0,0,0,0,0,316,55,0,0,1,0,2,"[{""name"": ""Batcave"", ""price"": 10.0, ""description_word_count"": 136, ""tier_id"": ""22868912""}, {""name"": ""Bat-Signal"", ""price"": 20.0, ""description_word_count"": 134, ""tier_id"": ""24799709""}]",99
https://www.patreon.com/DayTradingRadio,Day Trading Radio,77,330,0,{},"{'2025': 10, '2024': 60, '2023': 7}",0,6,yes,yes,yes,yes,yes,yes,no,6,50,2,25,0,0,0,0,0,0,0,35,7,46,30,0,0,0,0,4,"[{""name"": ""Supporter"", ""price"": 10.0, ""description_word_count"": 67, ""tier_id"": ""9839368""}, {""name"": ""Futures Trade Alerts, Discord Plus"", ""price"": 20.0, ""description_word_count"": 454, ""tier_id"": ""9839398""}, {""name"": ""Rockbot Scripts NT8 and Tradingview"", ""price"": 50.0, ""description_word_count"": 724, ""tier_id"": ""9841029""}, {""name"": ""DayTradingRadio Monthly Membership"", ""price"": 99.99, ""description_word_count"": 123, ""tier_id"": ""22376745""}]",464
https://www.patreon.com/githubcurator,MaoYang,2014,134,152.9,{},"{'2025': 33, '2024': 294, '2023': 717, '2022': 853, '2021': 117}",0,2,no,no,no,no,no,no,no,0,2014,0,0,0,0,0,0,0,0,0,1,0,20,1,0,0,0,0,2,"[{""name"": ""早鳥訂閱會員"", ""price"": 10.0, ""description_word_count"": 3, ""tier_id"": ""8056572""}, {""name"": ""訂閱會員"", ""price"": 15.0, ""description_word_count"": 3, ""tier_id"": ""8069656""}]",90
https://www.patreon.com/tomnash,Tom Nash,1398,18201,0,{},"{'2025': 239, '2024': 337, '2023': 157, '2022': 325, '2021': 318, '2020': 22}",0,2,no,yes,yes,no,no,no,no,2,979,61,169,0,0,0,4,0,0,0,316,18,105,16,0,0,1,0,4,"[{""name"": ""Basic Investing Plus"", ""price"": 20.0, ""description_word_count"": 35, ""tier_id"": ""24093494""}, {""name"": ""ROIC Academy"", ""price"": 35.0, ""description_word_count"": 120, ""tier_id"": ""9914630""}, {""name"": ""ROIC Academy ELITE"", ""price"": 99.0, ""description_word_count"": 81, ""tier_id"": ""22677839""}, {""name"": ""1 on 1 Live w/ Tom"", ""price"": 990.0, ""description_word_count"": 40, ""tier_id"": ""6513181""}]",63
https://www.patreon.com/patientinvestor,Patient Investor,140,1981,0,{},"{'2025': 23, '2024': 64, '2023': 31, '2022': 22}",0,1,no,yes,no,no,no,no,no,1,4,12,38,0,0,0,0,0,0,0,30,2,782,115,0,0,0,0,1,"[{""name"": ""Patreon Member"", ""price"": 20.0, ""description_word_count"": 4, ""tier_id"": ""9513637""}]",57
https://www.patreon.com/bullmarketwatch,BULL MARKET WATCH,3685,4112,0,{},"{'2025': 172, '2024': 476, '2023': 1109, '2022': 1641, '2021': 287}",0,2,no,yes,no,yes,no,no,no,2,2563,888,206,0,0,0,5,0,0,0,6,1,39,45,0,0,1,0,3,"[{""name"": ""Stock BUY Recommendations"", ""price"": 5.0, ""description_word_count"": 14, ""tier_id"": ""6770151""}, {""name"": ""Powerful Day Trades/Swing Trades 🚀"", ""price"": 9.9, ""description_word_count"": 31, ""tier_id"": ""9037249""}, {""name"": ""Quality Long Term Growth"", ""price"": 19.99, ""description_word_count"": 147, ""tier_id"": ""9665287""}]",91
https://www.patreon.com/Dreamgreenshow,Dream Green Show,6,423,0,{},"{'2024': 3, '2021': 3}",0,0,no,no,no,no,no,no,no,0,1,0,2,0,0,0,0,0,0,0,0,0,54,56,0,0,0,0,2,"[{""name"": ""LUCID DREAMERS"", ""price"": 12.0, ""description_word_count"": 32, ""tier_id"": ""6102620""}, {""name"": ""THE DREAM TEAM"", ""price"": 69.0, ""description_word_count"": 59, ""tier_id"": ""24703624""}]",82
https://www.patreon.com/northernsiberiawinds,northern siberia winds,124,213609,0,{},"{'2025': 3, '2024': 23, '2023': 27, '2022': 23, '2021': 16, '2020': 32}",0,5,no,yes,no,no,no,no,no,1,4,107,1,0,0,0,12,0,0,0,2637,1447,3364,1005,0,0,0,0,3,"[{""name"": ""Coffee"", ""price"": 1.0, ""description_word_count"": 23, ""tier_id"": ""4904070""}, {""name"": ""Supporter"", ""price"": 5.0, ""description_word_count"": 24, ""tier_id"": ""4904071""}, {""name"": ""Сheesecake"", ""price"": 10.0, ""description_word_count"": 39, ""tier_id"": ""9064201""}]",119
https://www.patreon.com/basemental,Basemental,279,87710,0,{},"{'2025': 8, '2024': 20, '2023': 16, '2022': 20, '2021': 23, '2020': 41, '2019': 52, '2018': 57, '2017': 42}",0,4,no,yes,no,no,no,no,no,1,42,219,0,0,0,0,18,0,0,0,996,73,4148,1128,0,0,0,0,2,"[{""name"": ""Silver"", ""price"": 4.75, ""description_word_count"": 35, ""tier_id"": ""1711882""}, {""name"": ""Gold"", ""price"": 9.75, ""description_word_count"": 62, ""tier_id"": ""1711883""}]",316
https://www.patreon.com/llazyneiph,llazyneiph,274,23201,0,{},"{'2025': 7, '2024': 79, '2023': 23, '2022': 47, '2021': 51, '2020': 41, '2019': 26}",0,1,no,yes,no,no,no,no,yes,2,121,91,46,0,0,0,9,0,0,0,1786,35,34,0,0,0,0,0,3,"[{""name"": ""Noble"", ""price"": 1.0, ""description_word_count"": 25, ""tier_id"": ""3894085""}, {""name"": ""Royal Partner"", ""price"": 5.0, ""description_word_count"": 39, ""tier_id"": ""3894106""}, {""name"": ""Monarch"", ""price"": 10.0, ""description_word_count"": 57, ""tier_id"": ""3894111""}]",75
https://www.patreon.com/edpratt,Ed Pratt,127,3829,0,{},"{'2025': 8, '2024': 25, '2023': 24, '2022': 17, '2021': 14, '2020': 28, '2019': 11}",0,1,no,no,yes,no,no,no,no,1,7,22,90,0,0,0,0,0,0,0,0,0,1374,620,0,0,0,0,3,"[{""name"": ""EARLY ACCESS (+ Exclusive Videos)"", ""price"": 2.0, ""description_word_count"": 18, ""tier_id"": ""3898921""}, {""name"": ""ON-SCREEN CREDIT (+ Exclusive Videos)"", ""price"": 5.0, ""description_word_count"": 40, ""tier_id"": ""3899314""}, {""name"": ""NAME ON KAYAK (TOP) + Exclusive Videos"", ""price"": 20.0, ""description_word_count"": 43, ""tier_id"": ""3899316""}]",319
https://www.patreon.com/flydancefitness,Fly Dance Fitness,2642,2552,0,{},"{'2025': 229, '2024': 671, '2023': 522, '2022': 349, '2021': 392, '2020': 479}",0,2,no,no,yes,yes,no,no,no,2,25,4,1145,0,0,0,1,0,0,0,0,0,70,37,0,0,0,0,2,"[{""name"": ""Fly Dance Fitness Virtual Classes"", ""price"": 19.99, ""description_word_count"": 149, ""tier_id"": ""4760860""}, {""name"": ""Throw Down Virtual Classes + Tutorials"", ""price"": 29.99, ""description_word_count"": 168, ""tier_id"": ""4760990""}]",253
https://www.patreon.com/HunterPie,Haato,23,1510,2139,{},"{'2025': 2, '2024': 2, '2023': 4, '2022': 7, '2021': 2, '2020': 6}",0,0,no,no,no,no,no,no,no,0,13,8,2,0,0,0,0,0,0,0,65,0,48,5,0,0,0,0,4,"[{""name"": ""Low Rank"", ""price"": 1.0, ""description_word_count"": 30, ""tier_id"": ""4734490""}, {""name"": ""High Rank"", ""price"": 5.0, ""description_word_count"": 27, ""tier_id"": ""4734489""}, {""name"": ""Tempered"", ""price"": 10.0, ""description_word_count"": 27, ""tier_id"": ""4734488""}, {""name"": ""Arch Tempered"", ""price"": 20.0, ""description_word_count"": 27, ""tier_id"": ""8176687""}]",19
https://www.patreon.com/osprimos,OS PRIMOS,594,21063,0,{},"{'2025': 35, '2024': 102, '2023': 105, '2022': 112, '2021': 139, '2020': 101}",0,2,no,yes,yes,no,no,no,no,2,0,123,367,0,0,0,0,0,0,0,0,0,8685,1329,0,0,1,0,2,"[{""name"": ""PRIMAÇOS"", ""price"": 2.0, ""description_word_count"": 58, ""tier_id"": ""4409073""}, {""name"": ""NA VIA (COLISEU)"", ""price"": 10.0, ""description_word_count"": 16, ""tier_id"": ""8531851""}]",35
https://www.patreon.com/gpx,George Perez,88,0,0,{},"{'2023': 4, '2022': 14, '2021': 48, '2020': 22}",0,2,no,yes,yes,no,no,no,no,2,69,0,0,0,0,0,2,0,0,0,0,0,799,1012,0,0,0,0,3,"[{""name"": ""Discord Member"", ""price"": 5.0, ""description_word_count"": 15, ""tier_id"": ""5704317""}, {""name"": ""ELITE INVESTOR"", ""price"": 10.0, ""description_word_count"": 61, ""tier_id"": ""5704318""}, {""name"": ""DIAMOND"", ""price"": 25.0, ""description_word_count"": 196, ""tier_id"": ""6247490""}]",79
https://www.patreon.com/TokyoDrewl,Tokyo Drew,69,149,0,{},"{'2025': 2, '2024': 15, '2023': 50, '2022': 2}",0,1,no,no,yes,no,no,no,no,1,3,4,56,0,0,0,0,0,0,0,70,13,348,176,0,0,1,0,7,"[{""name"": ""TD Crew Ninjas"", ""price"": 5.0, ""description_word_count"": 108, ""tier_id"": ""3084419""}, {""name"": ""TD Crew Ronin"", ""price"": 10.0, ""description_word_count"": 112, ""tier_id"": ""3084421""}, {""name"": ""TD Crew Samurai"", ""price"": 20.0, ""description_word_count"": 96, ""tier_id"": ""3084425""}, {""name"": ""TD Crew Daimyo"", ""price"": 35.0, ""description_word_count"": 158, ""tier_id"": ""3084426""}, {""name"": ""TD Crew Shogun"", ""price"": 50.0, ""description_word_count"": 166, ""tier_id"": ""5447356""}, {""name"": ""TD Crew Emperor"", ""price"": 100.0, ""description_word_count"": 203, ""tier_id"": ""6478878""}, {""name"": ""TD Crew VIP"", ""price"": 200.0, ""description_word_count"": 220, ""tier_id"": ""9056203""}]",689
https://www.patreon.com/x4fab,Ilja Jusupov aka x4fab,95,274553,49910,{},"{'2025': 2, '2024': 6, '2023': 7, '2022': 5, '2021': 11, '2020': 30, '2019': 29, '2018': 5}",0,5,no,no,no,no,no,no,no,0,9,56,29,0,0,0,0,0,0,0,832,461,7031,10711,0,0,0,0,3,"[{""name"": ""Supporter"", ""price"": 1.0, ""description_word_count"": 200, ""tier_id"": ""10920796""}, {""name"": ""Contributing Fan"", ""price"": 3.0, ""description_word_count"": 200, ""tier_id"": ""22703638""}, {""name"": ""Enthusiast"", ""price"": 5.0, ""description_word_count"": 200, ""tier_id"": ""22704080""}]",112
https://www.patreon.com/joebudden,Joe Budden,1076,0,0,{},"{'2025': 91, '2024': 232, '2023': 303, '2022': 245, '2021': 205}",0,0,no,no,no,no,no,no,no,0,19,101,952,0,0,0,1,0,0,0,0,0,67,3550,0,0,0,0,4,"[{""name"": ""Homies"", ""price"": 5.0, ""description_word_count"": 55, ""tier_id"": ""6622751""}, {""name"": ""Family"", ""price"": 10.0, ""description_word_count"": 59, ""tier_id"": ""6622752""}, {""name"": ""Friend of the Show"", ""price"": 25.0, ""description_word_count"": 68, ""tier_id"": ""6622753""}, {""name"": ""Part of the Show"", ""price"": 50.0, ""description_word_count"": 121, ""tier_id"": ""8210307""}]",159
https://www.patreon.com/riceandginger,Rice & Ginger,2450,35154,0,{},"{'2025': 302, '2024': 930, '2023': 878, '2022': 340}",0,8,no,no,no,yes,yes,no,no,2,136,53,2125,0,0,0,55,0,0,0,0,0,3935,1384,0,0,0,0,2,"[{""name"": ""Sushi Sampler"", ""price"": 5.0, ""description_word_count"": 97, ""tier_id"": ""8459954""}, {""name"": ""All-You-Can-Eat Sushi"", ""price"": 10.0, ""description_word_count"": 222, ""tier_id"": ""8558147""}]",149
https://www.patreon.com/imdontai,ImDontai,75,0,0,{},{'2025': 75},0,1,no,no,yes,no,no,no,no,1,1,0,74,0,0,0,0,0,0,0,0,0,5965,1241,0,0,1,0,1,"[{""name"": ""You're Dope."", ""price"": 5.0, ""description_word_count"": 17, ""tier_id"": ""3551431""}]",15
https://www.patreon.com/yaboyroshi,YaBoyRoshi,4899,65798,0,{},"{'2025': 301, '2024': 1036, '2023': 1402, '2022': 921, '2021': 714, '2020': 418, '2019': 69, '2018': 38}",0,1,no,no,no,yes,no,no,no,1,149,172,4481,0,0,0,63,0,0,0,395,160,11880,3669,0,0,4,0,3,"[{""name"": ""Base Form"", ""price"": 1.0, ""description_word_count"": 24, ""tier_id"": ""3018083""}, {""name"": ""Sūpā Saiya-jin"", ""price"": 5.0, ""description_word_count"": 28, ""tier_id"": ""3018077""}, {""name"": ""Sūpā Saiya-jin Goddo"", ""price"": 10.0, ""description_word_count"": 51, ""tier_id"": ""3018080""}]",133
https://www.patreon.com/hthaze,HTHAZE,403,92113,0,{},"{'2025': 44, '2024': 139, '2023': 109, '2022': 63, '2021': 39, '2020': 9}",0,5,no,yes,yes,yes,yes,yes,no,5,9,27,359,0,0,0,4,0,0,0,86,32,4623,2202,0,0,0,0,2,"[{""name"": ""Official HT Homie"", ""price"": 5.0, ""description_word_count"": 78, ""tier_id"": ""5244350""}, {""name"": ""an absolute UNIT"", ""price"": 10.0, ""description_word_count"": 78, ""tier_id"": ""7605745""}]",66
https://www.patreon.com/peterboese,Peter Boese,76,270123,51990,{},"{'2025': 2, '2024': 13, '2023': 13, '2022': 6, '2021': 20, '2020': 22}",0,0,no,no,no,no,no,no,no,0,14,46,15,0,0,0,0,0,0,0,2255,920,3750,7429,0,0,4,0,4,"[{""name"": ""support"", ""price"": 1.0, ""description_word_count"": 129, ""tier_id"": ""9132884""}, {""name"": ""more support"", ""price"": 3.0, ""description_word_count"": 129, ""tier_id"": ""9132889""}, {""name"": ""enthusiast support"", ""price"": 5.0, ""description_word_count"": 129, ""tier_id"": ""9132893""}, {""name"": ""Commercial ticket"", ""price"": 100.0, ""description_word_count"": 12, ""tier_id"": ""23745888""}]",76
https://www.patreon.com/joebudden,Joe Budden,1076,0,0,{},"{'2025': 91, '2024': 232, '2023': 303, '2022': 245, '2021': 205}",0,0,no,no,no,no,no,no,no,0,19,101,952,0,0,0,1,0,0,0,0,0,65,3787,0,0,0,0,4,"[{""name"": ""Homies"", ""price"": 5.0, ""description_word_count"": 55, ""tier_id"": ""6622751""}, {""name"": ""Family"", ""price"": 10.0, ""description_word_count"": 59, ""tier_id"": ""6622752""}, {""name"": ""Friend of the Show"", ""price"": 25.0, ""description_word_count"": 68, ""tier_id"": ""6622753""}, {""name"": ""Part of the Show"", ""price"": 50.0, ""description_word_count"": 121, ""tier_id"": ""8210307""}]",159
https://www.patreon.com/SlushyNoobz,Slushy Noobz,12,0,0,{},{'2025': 12},0,3,no,no,yes,yes,no,yes,no,3,0,1,11,0,0,0,0,0,0,0,3,3,45,920,0,0,0,0,1,"[{""name"": ""Pro"", ""price"": 5.0, ""description_word_count"": 44, ""tier_id"": ""25077048""}]",215
https://www.patreon.com/QuantV,Quant Mods,39,0,0,{},"{'2025': 4, '2024': 12, '2023': 17, '2022': 6}",0,2,no,no,no,no,no,no,no,0,39,0,0,0,0,0,0,0,0,0,0,0,426,367,0,0,0,0,4,"[{""name"": ""lvl1 Supporter"", ""price"": 2.5, ""description_word_count"": 5, ""tier_id"": ""9270676""}, {""name"": ""lvl2 Supporter"", ""price"": 5.0, ""description_word_count"": 22, ""tier_id"": ""7407859""}, {""name"": ""lvl3 All Access Patron"", ""price"": 10.0, ""description_word_count"": 20, ""tier_id"": ""5186185""}, {""name"": ""lvl4"", ""price"": 26.0, ""description_word_count"": 47, ""tier_id"": ""8356755""}]",128
https://www.patreon.com/TripleTakeReact,TripleTake Reacts,143,0,0,{},"{'2025': 90, '2024': 53}",0,2,no,no,no,yes,no,no,no,1,9,1,67,0,0,0,13,0,0,0,0,0,15765,8907,0,0,0,0,2,"[{""name"": ""TripleFam"", ""price"": 2.0, ""description_word_count"": 30, ""tier_id"": ""24274927""}, {""name"": ""TripleStans"", ""price"": 4.0, ""description_word_count"": 28, ""tier_id"": ""24274937""}]",163
https://www.patreon.com/nonamebooks,Noname Book Club,382,13773,0,{},"{'2025': 9, '2024': 57, '2023': 97, '2022': 107, '2021': 57, '2020': 53, '2019': 2}",0,2,no,yes,yes,no,no,no,no,2,121,239,15,0,0,0,4,0,0,0,0,0,1387,156,0,0,10,0,4,"[{""name"": ""Quiet Friend"", ""price"": 1.0, ""description_word_count"": 4, ""tier_id"": ""4375544""}, {""name"": ""Friend"", ""price"": 2.0, ""description_word_count"": 8, ""tier_id"": ""9541320""}, {""name"": ""Lowkey Partner"", ""price"": 5.0, ""description_word_count"": 6, ""tier_id"": ""4375545""}, {""name"": ""The Homie"", ""price"": 10.0, ""description_word_count"": 49, ""tier_id"": ""4375543""}]",191
https://www.patreon.com/NicholasLightTV,Nicholas Light TV,1546,63299,0,{},"{'2025': 203, '2024': 625, '2023': 574, '2022': 144}",0,3,no,yes,yes,no,yes,no,no,3,232,412,882,0,0,0,18,0,0,0,0,0,6516,1605,0,0,0,0,3,"[{""name"": ""THE TITANS"", ""price"": 3.0, ""description_word_count"": 65, ""tier_id"": ""7218634""}, {""name"": ""THE ABNORMAL TITANS"", ""price"": 6.0, ""description_word_count"": 58, ""tier_id"": ""8565126""}, {""name"": ""THE COLOSSAL TITANS"", ""price"": 15.0, ""description_word_count"": 128, ""tier_id"": ""10043607""}]",125
https://www.patreon.com/xAranaktu,Aranaktu,316,8190,0,{},"{'2025': 10, '2024': 34, '2023': 47, '2022': 41, '2021': 62, '2020': 39, '2019': 68, '2018': 15}",0,5,no,yes,no,no,no,no,no,1,311,0,0,0,0,0,5,0,0,0,1292,0,103,0,0,0,0,0,5,"[{""name"": ""Bronze"", ""price"": 0.0, ""description_word_count"": 40, ""tier_id"": ""3506900""}, {""name"": ""Silver"", ""price"": 0.0, ""description_word_count"": 73, ""tier_id"": ""4008263""}, {""name"": ""Gold"", ""price"": 0.0, ""description_word_count"": 12, ""tier_id"": ""3506908""}, {""name"": ""Hero"", ""price"": 0.0, ""description_word_count"": 12, ""tier_id"": ""2925473""}, {""name"": ""Legend"", ""price"": 0.0, ""description_word_count"": 13, ""tier_id"": ""3506912""}]",370
https://www.patreon.com/studiogek,Studio Gek,1165,23882,0,{},"{'2025': 225, '2024': 508, '2023': 432}",0,0,no,no,no,no,no,no,no,0,96,134,904,0,0,0,29,0,0,0,0,0,7980,5089,0,0,0,0,8,"[{""name"": ""Voting Tier"", ""price"": 1.0, ""description_word_count"": 33, ""tier_id"": ""9384706""}, {""name"": ""Uncut Tier (ANIME ONLY)"", ""price"": 3.0, ""description_word_count"": 44, ""tier_id"": ""23111838""}, {""name"": ""Uncut Tier (LIVE ACTION ONLY)"", ""price"": 3.0, ""description_word_count"": 46, ""tier_id"": ""23111843""}, {""name"": ""Uncut Tier (BOTH ANIME & LIVE ACTION)"", ""price"": 5.0, ""description_word_count"": 47, ""tier_id"": ""23111892""}, {""name"": ""Gek Tier (ANIME ONLY)"", ""price"": 6.0, ""description_word_count"": 49, ""tier_id"": ""23111849""}, {""name"": ""Gek Tier (LIVE ACTION ONLY)"", ""price"": 6.0, ""description_word_count"": 50, ""tier_id"": ""23111852""}, {""name"": ""FULL PACKAGE (Anime+Live Action)"", ""price"": 8.0, ""description_word_count"": 52, ""tier_id"": ""23111862""}, {""name"": ""Juicy Tier"", ""price"": 10.0, ""description_word_count"": 87, ""tier_id"": ""23112048""}]",41
https://www.patreon.com/aliciaxlife,aliciaxlife,2682,13356,0,{},"{'2025': 325, '2024': 1147, '2023': 946, '2022': 264}",0,4,no,yes,yes,yes,yes,no,no,4,149,59,2455,0,0,0,7,0,0,0,0,0,5480,1495,0,0,0,0,5,"[{""name"": ""Anime Reactions"", ""price"": 5.0, ""description_word_count"": 22, ""tier_id"": ""9087836""}, {""name"": ""General Reactions"", ""price"": 10.0, ""description_word_count"": 20, ""tier_id"": ""9077511""}, {""name"": ""Platinum"", ""price"": 15.0, ""description_word_count"": 23, ""tier_id"": ""7011164""}, {""name"": ""Diamond"", ""price"": 25.0, ""description_word_count"": 34, ""tier_id"": ""7011165""}, {""name"": ""Ultimate"", ""price"": 50.0, ""description_word_count"": 91, ""tier_id"": ""9077510""}]",72
https://www.patreon.com/channel5,Channel 5,232,0,0,{},"{'2025': 31, '2024': 88, '2023': 26, '2022': 52, '2021': 35}",0,0,no,no,no,no,no,no,no,0,4,22,193,0,0,0,0,0,0,0,0,0,4968,2114,0,0,0,0,2,"[{""name"": ""PATRON OF CHANNEL 5"", ""price"": 5.0, ""description_word_count"": 23, ""tier_id"": ""6997262""}, {""name"": ""PATRON OF CHANNEL 5"", ""price"": 10.0, ""description_word_count"": 23, ""tier_id"": ""6998964""}]",38
https://www.patreon.com/PureDark,PureDark,115,63066,0,{},"{'2025': 2, '2024': 19, '2023': 76, '2022': 18}",0,0,no,no,no,no,no,no,no,0,25,50,31,0,0,0,2,0,0,0,1113,672,99,252,0,0,0,0,2,"[{""name"": ""Supporter"", ""price"": 5.0, ""description_word_count"": 9, ""tier_id"": ""9081097""}, {""name"": ""Big Supporter!"", ""price"": 10.0, ""description_word_count"": 16, ""tier_id"": ""9105056""}]",61
https://www.patreon.com/qmbibi,QMBiBi,236,0,0,{},"{'2025': 16, '2024': 58, '2023': 78, '2022': 83, '2021': 1}",0,2,no,yes,no,no,no,yes,no,2,55,173,3,0,0,0,5,0,0,0,1255,132,4797,469,0,0,0,0,2,"[{""name"": ""besties 💕"", ""price"": 3.0, ""description_word_count"": 33, ""tier_id"": ""7927309""}, {""name"": ""best besties ✨"", ""price"": 5.0, ""description_word_count"": 23, ""tier_id"": ""23824303""}]",1
https://www.patreon.com/gamegrumps,Game Grumps,441,0,0,{},"{'2025': 63, '2024': 203, '2023': 96, '2022': 64, '2021': 15}",0,0,no,no,no,no,no,no,no,0,44,13,353,0,0,0,12,0,0,0,0,0,7545,1469,0,0,1,0,2,"[{""name"": ""The $5 Tier"", ""price"": 5.0, ""description_word_count"": 126, ""tier_id"": ""7329589""}, {""name"": ""The $10 Tier"", ""price"": 10.0, ""description_word_count"": 96, ""tier_id"": ""9195537""}]",145
https://www.patreon.com/meatcanyon,Meatcanyon,360,47335,0,{},"{'2025': 14, '2024': 69, '2023': 97, '2022': 54, '2021': 51, '2020': 52, '2019': 23}",0,7,no,no,yes,no,yes,no,no,2,129,127,73,0,0,0,12,0,0,0,503,58,8558,2457,0,0,0,0,4,"[{""name"": ""Meaty's Tip"", ""price"": 1.0, ""description_word_count"": 11, ""tier_id"": ""3402190""}, {""name"": ""Meaty's Step Child"", ""price"": 3.0, ""description_word_count"": 34, ""tier_id"": ""3402196""}, {""name"": ""Meaty's Middle Child"", ""price"": 5.0, ""description_word_count"": 28, ""tier_id"": ""4028040""}, {""name"": ""Meaty's First Born"", ""price"": 10.0, ""description_word_count"": 38, ""tier_id"": ""4028041""}]",164
https://www.patreon.com/the_parasites,Rab-Bit,58,14152,33960,{},"{'2025': 5, '2024': 15, '2023': 17, '2022': 19, '2021': 2}",0,3,no,yes,no,no,no,yes,no,2,15,10,18,0,0,0,1,0,0,0,339,146,1126,693,0,0,0,0,6,"[{""name"": ""Infected"", ""price"": 4.0, ""description_word_count"": 19, ""tier_id"": ""7707743""}, {""name"": ""Mutating Mass"", ""price"": 6.0, ""description_word_count"": 27, ""tier_id"": ""7707744""}, {""name"": ""The Seed Of The Parasite"", ""price"": 10.0, ""description_word_count"": 51, ""tier_id"": ""7707745""}, {""name"": ""Gamma Parasite"", ""price"": 24.0, ""description_word_count"": 65, ""tier_id"": ""8236832""}, {""name"": ""Beta Parasite"", ""price"": 35.0, ""description_word_count"": 73, ""tier_id"": ""8236916""}, {""name"": ""Alpha Parasite"", ""price"": 50.0, ""description_word_count"": 73, ""tier_id"": ""8236935""}]",476
https://www.patreon.com/mcflypg,Pascal Gilcher,33,71225,0,{},"{'2023': 1, '2020': 9, '2019': 11, '2018': 4, '2017': 8}",0,2,no,no,no,no,no,no,no,0,18,10,5,0,0,0,0,0,0,0,643,1040,226,381,0,0,0,0,4,"[{""name"": ""RASTERIZERS"", ""price"": 2.5, ""description_word_count"": 86, ""tier_id"": ""9928167""}, {""name"": ""RAY TRACERS"", ""price"": 5.0, ""description_word_count"": 100, ""tier_id"": ""1945902""}, {""name"": ""PATH TRACERS"", ""price"": 9.0, ""description_word_count"": 74, ""tier_id"": ""9928211""}, {""name"": ""PHOTON MAPPERS"", ""price"": 20.0, ""description_word_count"": 111, ""tier_id"": ""1945906""}]",196
https://www.patreon.com/Kaillowry,Kail Lowry,250,0,0,{},"{'2025': 62, '2024': 169, '2023': 19}",0,3,yes,no,yes,yes,no,no,no,3,21,31,161,0,0,0,10,0,0,0,0,0,3587,2765,0,0,0,0,1,"[{""name"": ""Famous F*ckers"", ""price"": 5.0, ""description_word_count"": 52, ""tier_id"": ""10289802""}]",87
https://www.patreon.com/HayloAndKiss,Haylo & Kiss,1218,7581,0,{},"{'2025': 309, '2024': 714, '2023': 195}",0,1,no,no,no,yes,no,no,no,1,20,9,1171,0,0,0,17,0,0,0,129,0,5158,752,0,0,0,0,3,"[{""name"": ""Hugs"", ""price"": 4.0, ""description_word_count"": 74, ""tier_id"": ""9744018""}, {""name"": ""Kisses"", ""price"": 8.0, ""description_word_count"": 116, ""tier_id"": ""9744023""}, {""name"": ""Angels"", ""price"": 12.0, ""description_word_count"": 90, ""tier_id"": ""9744040""}]",121
https://www.patreon.com/RaisingSavages,Raising Savages,13,0,0,{},{'2025': 13},0,0,no,no,no,no,no,no,no,0,7,1,5,0,0,0,0,0,0,0,0,0,1709,654,0,0,1,0,1,"[{""name"": """", ""price"": 9.99, ""description_word_count"": 6, ""tier_id"": ""24900151""}]",49
https://www.patreon.com/blindwave,Blind Wave,5662,28682,0,{},"{'2025': 116, '2024': 451, '2023': 492, '2022': 582, '2021': 615, '2020': 825, '2019': 883, '2018': 803, '2017': 637, '2016': 256, '2015': 2}",0,0,no,no,no,no,no,no,no,0,102,1872,2356,0,0,0,1321,0,0,0,60,66,1200,591,0,0,0,0,5,"[{""name"": ""Pollrider"", ""price"": 1.0, ""description_word_count"": 63, ""tier_id"": ""548173""}, {""name"": ""Uber Rider"", ""price"": 2.0, ""description_word_count"": 45, ""tier_id"": ""6030400""}, {""name"": ""Fortnight Rider"", ""price"": 5.0, ""description_word_count"": 38, ""tier_id"": ""548174""}, {""name"": ""Raw Rider"", ""price"": 10.0, ""description_word_count"": 62, ""tier_id"": ""1851462""}, {""name"": ""Four-sight Rider"", ""price"": 15.0, ""description_word_count"": 43, ""tier_id"": ""6030422""}]",158
https://www.patreon.com/carlie_and_ange,Carlie & Ange,2639,32209,0,{},"{'2025': 279, '2024': 925, '2023': 849, '2022': 585, '2021': 1}",0,2,no,no,yes,yes,no,no,no,2,864,24,1708,0,0,0,41,0,0,0,0,0,2518,618,0,0,0,0,3,"[{""name"": ""EARLY access!"", ""price"": 7.0, ""description_word_count"": 50, ""tier_id"": ""8111850""}, {""name"": ""UNCUT Access!"", ""price"": 10.0, ""description_word_count"": 151, ""tier_id"": ""8578660""}, {""name"": ""ALL Access!"", ""price"": 14.0, ""description_word_count"": 85, ""tier_id"": ""8222678""}]",156
https://www.patreon.com/FlexiejayAnime,FlexiejayAnime,878,5984,0,{},"{'2025': 179, '2024': 619, '2023': 80}",0,4,no,no,yes,yes,yes,yes,no,4,30,21,811,0,0,0,13,0,0,0,0,0,2129,465,0,0,1,0,3,"[{""name"": ""THE OGs"", ""price"": 5.0, ""description_word_count"": 164, ""tier_id"": ""10267779""}, {""name"": ""THE FLEXIE CLAN"", ""price"": 10.0, ""description_word_count"": 136, ""tier_id"": ""21625361""}, {""name"": ""FLEXIES AKATSUKI"", ""price"": 20.0, ""description_word_count"": 75, ""tier_id"": ""22457925""}]",120
https://www.patreon.com/patrix,Patrix,92,8915,12220,{},"{'2025': 3, '2024': 11, '2023': 10, '2022': 13, '2021': 16, '2020': 29, '2019': 10}",0,6,no,yes,no,no,yes,no,no,2,2,88,0,0,0,0,2,0,0,0,1002,472,165,0,0,0,0,0,5,"[{""name"": ""Emerald"", ""price"": 1.0, ""description_word_count"": 27, ""tier_id"": ""4183399""}, {""name"": ""Emerald+"", ""price"": 2.0, ""description_word_count"": 20, ""tier_id"": ""8961491""}, {""name"": ""Gold"", ""price"": 5.0, ""description_word_count"": 31, ""tier_id"": ""4183193""}, {""name"": ""Iron"", ""price"": 10.0, ""description_word_count"": 31, ""tier_id"": ""4183213""}, {""name"": ""Stone"", ""price"": 15.0, ""description_word_count"": 31, ""tier_id"": ""4183217""}]",268
https://www.patreon.com/realvr,LukeRoss,171,0,0,{},"{'2025': 13, '2024': 33, '2023': 25, '2022': 59, '2021': 41}",0,5,no,no,no,no,no,no,no,0,101,11,54,0,0,0,5,0,0,0,839,881,1125,5620,0,0,0,0,2,"[{""name"": ""Archived posts"", ""price"": 1.0, ""description_word_count"": 16, ""tier_id"": ""8856724""}, {""name"": ""VR friend"", ""price"": 10.0, ""description_word_count"": 164, ""tier_id"": ""7199597""}]",763
https://www.patreon.com/RylandAdams,The Sip with Ryland Adams & Lizze Gordon,27,0,0,{},{'2025': 27},0,1,no,no,no,yes,no,no,no,1,0,1,25,0,0,0,1,0,0,0,896,129,13207,4801,0,0,2,0,1,"[{""name"": ""CHUGGERS"", ""price"": 7.99, ""description_word_count"": 58, ""tier_id"": ""25104575""}]",45
https://www.patreon.com/ThePerfectMix,The Perfect Mix,1227,5836,0,{},"{'2025': 131, '2024': 469, '2023': 429, '2022': 198}",0,0,no,no,no,no,no,no,no,0,109,24,645,0,0,0,89,0,0,0,0,0,6459,3003,0,0,1,0,1,"[{""name"": ""Super Supporter"", ""price"": 10.0, ""description_word_count"": 179, ""tier_id"": ""9945294""}]",152
https://www.patreon.com/blackrack,Blackrack,11,0,0,{},"{'2024': 1, '2023': 5, '2021': 2, '2020': 3}",0,2,no,no,no,yes,no,no,no,1,11,0,0,0,0,0,0,0,0,0,313,675,592,1866,0,0,0,0,1,"[{""name"": ""Graphics enthusiast"", ""price"": 0.0, ""description_word_count"": 16, ""tier_id"": ""6335917""}]",151
https://www.patreon.com/formoftherapy,Form of Therapy,5476,23426,0,{},"{'2025': 354, '2024': 1534, '2023': 1279, '2022': 634, '2021': 417, '2020': 695, '2019': 354, '2018': 194, '2017': 5, '2016': 7, '2015': 3}",0,2,no,yes,yes,no,no,no,no,2,1285,256,3785,0,0,0,42,0,0,0,202,63,0,0,0,0,1,0,9,"[{""name"": ""Support"", ""price"": 2.0, ""description_word_count"": 17, ""tier_id"": ""332204""}, {""name"": ""K-POP FIRST"", ""price"": 5.0, ""description_word_count"": 24, ""tier_id"": ""21954957""}, {""name"": ""DRAMA FIRST"", ""price"": 5.0, ""description_word_count"": 11, ""tier_id"": ""21954967""}, {""name"": ""ANIME FIRST"", ""price"": 5.0, ""description_word_count"": 12, ""tier_id"": ""21954978""}, {""name"": ""GROUPY TIER"", ""price"": 10.0, ""description_word_count"": 26, ""tier_id"": ""2186801""}, {""name"": ""GROUPY+"", ""price"": 15.0, ""description_word_count"": 28, ""tier_id"": ""8477158""}, {""name"": ""GROUPY FIRST"", ""price"": 20.0, ""description_word_count"": 41, ""tier_id"": ""2186850""}, {""name"": ""TEAM THERAPY"", ""price"": 50.0, ""description_word_count"": 33, ""tier_id"": ""21955148""}, {""name"": ""Winter (retiring ->TEAM THERAPY)"", ""price"": 100.0, ""description_word_count"": 19, ""tier_id"": ""3427382""}]",268
https://www.patreon.com/adeepindigo,a.deep.indigo,40,0,0,{},"{'2025': 5, '2024': 16, '2023': 18, '2021': 1}",0,1,no,yes,no,no,no,no,no,1,26,13,0,0,0,0,1,0,0,0,8924,83,608,64,0,0,0,0,2,"[{""name"": ""Midnight"", ""price"": 4.5, ""description_word_count"": 87, ""tier_id"": ""7878466""}, {""name"": ""Sapphire"", ""price"": 9.5, ""description_word_count"": 126, ""tier_id"": ""7878478""}]",162
https://www.patreon.com/JennyNicholson,Jenny Nicholson,382,62374,0,{},"{'2025': 6, '2024': 29, '2023': 26, '2022': 36, '2021': 36, '2020': 38, '2019': 59, '2018': 85, '2017': 62, '2016': 5}",0,0,no,no,no,no,no,no,no,0,14,2,264,0,0,0,96,0,0,0,2,586,6555,9696,0,0,0,0,6,"[{""name"": ""The Originals"", ""price"": 1.0, ""description_word_count"": 15, ""tier_id"": ""1038502""}, {""name"": ""Small Giant Spiders"", ""price"": 2.0, ""description_word_count"": 17, ""tier_id"": ""3064876""}, {""name"": ""Bad Cars"", ""price"": 5.0, ""description_word_count"": 13, ""tier_id"": ""1038492""}, {""name"": ""The Sixers"", ""price"": 6.0, ""description_word_count"": 18, ""tier_id"": ""2544715""}, {""name"": ""Randy Moore"", ""price"": 7.0, ""description_word_count"": 43, ""tier_id"": ""2596629""}, {""name"": ""Pardners"", ""price"": 25.0, ""description_word_count"": 73, ""tier_id"": ""1038510""}]",112
https://www.patreon.com/Zogarth,Zogarth,239,19227,76070,{},"{'2025': 71, '2024': 141, '2023': 2, '2022': 6, '2021': 12, '2020': 7}",0,4,no,no,no,no,no,no,no,0,235,0,0,0,0,0,4,0,0,0,949,255,10052,4279,0,0,0,0,4,"[{""name"": ""Archer"", ""price"": 3.0, ""description_word_count"": 16, ""tier_id"": ""6128756""}, {""name"": ""Alchemist"", ""price"": 5.0, ""description_word_count"": 15, ""tier_id"": ""6128757""}, {""name"": ""Hunter"", ""price"": 10.0, ""description_word_count"": 12, ""tier_id"": ""6081703""}, {""name"": ""Apex Hunter"", ""price"": 50.0, ""description_word_count"": 39, ""tier_id"": ""6842542""}]",45
https://www.patreon.com/Dmotta3,Danny Motta,100,37957,0,{},"{'2025': 11, '2024': 25, '2023': 33, '2022': 31}",0,3,no,yes,yes,no,yes,no,no,3,22,1,54,0,0,0,9,0,0,0,0,0,6066,2023,0,0,0,0,4,"[{""name"": ""\""Fuck That Fence!\"""", ""price"": 3.0, ""description_word_count"": 60, ""tier_id"": ""8235579""}, {""name"": ""\""Fuck! A Fence!\"""", ""price"": 4.99, ""description_word_count"": 43, ""tier_id"": ""8235580""}, {""name"": ""Some Third Reference!"", ""price"": 6.99, ""description_word_count"": 18, ""tier_id"": ""9264578""}, {""name"": ""The Hazbin Membership"", ""price"": 19.99, ""description_word_count"": 43, ""tier_id"": ""24639452""}]",203
https://www.patreon.com/Boy_Boy,Boy Boy,37,26828,0,{},"{'2025': 7, '2024': 18, '2023': 12}",0,1,no,yes,no,no,no,no,no,1,0,2,34,0,0,0,0,0,0,0,758,155,9741,1892,0,0,0,0,2,"[{""name"": ""Boy Boy Boy"", ""price"": 5.0, ""description_word_count"": 19, ""tier_id"": ""9396185""}, {""name"": ""The Billionaire Tier"", ""price"": 25.0, ""description_word_count"": 45, ""tier_id"": ""22189139""}]",93
https://www.patreon.com/Insimniacreations,Insimnia,254,0,0,{},"{'2025': 18, '2024': 52, '2023': 38, '2022': 56, '2021': 90}",0,5,no,yes,no,yes,no,yes,no,3,41,208,0,0,0,0,5,0,0,0,690,25,1442,152,0,0,0,0,2,"[{""name"": ""Insimnia Fan"", ""price"": 1.5, ""description_word_count"": 16, ""tier_id"": ""7396789""}, {""name"": ""Insimnia Stan"", ""price"": 3.0, ""description_word_count"": 84, ""tier_id"": ""6966127""}]",190
https://www.patreon.com/TerryandKaniyia,Terry and Kaniyia,202,39823,0,{},"{'2025': 99, '2024': 103}",0,2,no,no,yes,no,no,yes,no,2,46,3,135,0,0,0,17,0,0,0,55,29,4157,3600,0,0,1,0,1,"[{""name"": """", ""price"": 5.0, ""description_word_count"": 15, ""tier_id"": ""23349743""}]",35
https://www.patreon.com/YouShouldKnowPodcast,You Should Know Podcast,393,39257,0,{},"{'2025': 79, '2024': 167, '2023': 147}",0,0,no,no,no,no,no,no,no,0,8,34,346,0,0,0,1,0,0,0,0,0,6832,3006,0,0,0,0,3,"[{""name"": ""KOALA CUBS"", ""price"": 5.0, ""description_word_count"": 54, ""tier_id"": ""24742840""}, {""name"": ""KOALA PRIME"", ""price"": 10.0, ""description_word_count"": 60, ""tier_id"": ""9394580""}, {""name"": ""KOALA ROYALTY"", ""price"": 15.0, ""description_word_count"": 80, ""tier_id"": ""24743137""}]",163
https://www.patreon.com/primemods,prime mods,273,20185,0,{},"{'2025': 13, '2024': 18, '2023': 16, '2022': 100, '2021': 114, '2020': 12}",0,3,no,no,yes,yes,no,yes,no,3,43,225,0,0,0,0,4,0,0,0,110,21,77,118,0,0,0,0,3,"[{""name"": ""Gold"", ""price"": 4.99, ""description_word_count"": 50, ""tier_id"": ""5962086""}, {""name"": ""Diamond"", ""price"": 6.99, ""description_word_count"": 48, ""tier_id"": ""9234196""}, {""name"": ""Emerald"", ""price"": 9.99, ""description_word_count"": 78, ""tier_id"": ""6201011""}]",163
https://www.patreon.com/mortius,Mortius,646,1701,11550,{},"{'2025': 43, '2024': 238, '2023': 231, '2022': 127, '2021': 7}",0,2,no,no,no,yes,no,no,no,1,33,16,520,0,0,0,39,0,0,0,0,0,1925,764,0,0,3,0,7,"[{""name"": ""Half Windsor"", ""price"": 1.0, ""description_word_count"": 86, ""tier_id"": ""7648104""}, {""name"": ""Trinity"", ""price"": 3.0, ""description_word_count"": 57, ""tier_id"": ""7648106""}, {""name"": ""Full Windsor"", ""price"": 5.0, ""description_word_count"": 72, ""tier_id"": ""7648108""}, {""name"": ""Ediety Knot"", ""price"": 10.0, ""description_word_count"": 66, ""tier_id"": ""7648197""}, {""name"": ""Eldredge Knot"", ""price"": 25.0, ""description_word_count"": 119, ""tier_id"": ""7648270""}, {""name"": ""Onassis"", ""price"": 50.0, ""description_word_count"": 153, ""tier_id"": ""9383804""}, {""name"": ""Diamond Knot"", ""price"": 100.0, ""description_word_count"": 96, ""tier_id"": ""9383809""}]",49
https://www.patreon.com/LettsReact,Letts React,2158,22460,0,{},"{'2025': 194, '2024': 425, '2023': 368, '2022': 610, '2021': 501, '2020': 60}",0,3,no,no,no,yes,yes,yes,no,3,749,299,898,0,0,0,173,0,0,0,0,0,725,589,0,0,0,0,3,"[{""name"": ""Appa's Fan Club"", ""price"": 5.0, ""description_word_count"": 62, ""tier_id"": ""5995833""}, {""name"": ""Certified Backbender"", ""price"": 10.0, ""description_word_count"": 67, ""tier_id"": ""5995835""}, {""name"": ""Tearbending Master"", ""price"": 20.0, ""description_word_count"": 74, ""tier_id"": ""5995834""}]",108
https://www.patreon.com/wydreacts,WYD Reacts,1509,23350,0,{},"{'2025': 227, '2024': 827, '2023': 404, '2022': 51}",0,1,no,no,yes,no,no,no,no,1,252,4,1026,0,0,0,226,0,0,0,0,0,2665,1011,0,0,1,0,4,"[{""name"": ""WYD Fam"", ""price"": 2.0, ""description_word_count"": 37, ""tier_id"": ""9174491""}, {""name"": ""WYD Elite"", ""price"": 3.3, ""description_word_count"": 23, ""tier_id"": ""21724495""}, {""name"": ""WYD Premium"", ""price"": 5.0, ""description_word_count"": 52, ""tier_id"": ""9179697""}, {""name"": ""WYD Ultimate"", ""price"": 8.0, ""description_word_count"": 25, ""tier_id"": ""21724577""}]",216
https://www.patreon.com/basemental,Basemental,279,87710,0,{},"{'2025': 8, '2024': 20, '2023': 16, '2022': 20, '2021': 23, '2020': 41, '2019': 52, '2018': 57, '2017': 42}",0,4,no,yes,no,no,no,no,no,1,42,219,0,0,0,0,18,0,0,0,996,73,4148,1128,0,0,0,0,2,"[{""name"": ""Silver"", ""price"": 4.75, ""description_word_count"": 35, ""tier_id"": ""1711882""}, {""name"": ""Gold"", ""price"": 9.75, ""description_word_count"": 62, ""tier_id"": ""1711883""}]",316
https://www.patreon.com/josephcarlson,Joseph Carlson,41,0,0,{},"{'2023': 1, '2022': 7, '2021': 32, '2020': 1}",0,1,no,yes,no,no,no,no,no,1,8,17,16,0,0,0,0,0,0,0,0,0,907,337,0,0,0,0,1,"[{""name"": ""Patreon Member (full access)"", ""price"": 10.0, ""description_word_count"": 66, ""tier_id"": ""6729258""}]",45
https://www.patreon.com/JustTrish,Just Trish,171,48473,0,{},"{'2025': 32, '2024': 129, '2023': 10}",0,0,no,no,no,no,no,no,no,0,6,4,155,0,0,0,5,0,0,0,0,0,13837,2876,0,0,2,0,5,"[{""name"": ""EXTENDED PODCAST!"", ""price"": 5.0, ""description_word_count"": 19, ""tier_id"": ""2005700""}, {""name"": ""DOUBLE THE FUN"", ""price"": 10.0, ""description_word_count"": 37, ""tier_id"": ""21652177""}, {""name"": ""Trish Music Super Fan"", ""price"": 20.0, ""description_word_count"": 53, ""tier_id"": ""24263383""}, {""name"": ""MONTHLY HEADSHOT"", ""price"": 50.0, ""description_word_count"": 118, ""tier_id"": ""21652185""}, {""name"": ""BE A PRODUCER"", ""price"": 100.0, ""description_word_count"": 181, ""tier_id"": ""21652192""}]",77
https://www.patreon.com/mccc_deaderpool,Deaderpool,6,8665,0,{},"{'2025': 2, '2024': 1, '2020': 1, '2019': 1, '2016': 1}",0,7,no,no,no,no,no,no,yes,1,6,0,0,0,0,0,0,0,0,0,2099,150,11,0,0,0,0,0,2,"[{""name"": ""Basic Tier"", ""price"": 3.0, ""description_word_count"": 124, ""tier_id"": ""1102166""}, {""name"": ""Way Too Generous Level"", ""price"": 9.0, ""description_word_count"": 60, ""tier_id"": ""1101379""}]",623
https://www.patreon.com/ReelTimeYT,Reel-Time,3885,4217,0,{},"{'2025': 444, '2024': 1258, '2023': 1383, '2022': 800}",0,2,no,no,yes,no,no,no,no,1,193,117,3251,0,0,0,317,0,0,0,75,60,1052,864,0,0,1,0,3,"[{""name"": ""Reel-One"", ""price"": 2.5, ""description_word_count"": 139, ""tier_id"": ""8135671""}, {""name"": ""Reel-Deel"", ""price"": 5.0, ""description_word_count"": 257, ""tier_id"": ""8135672""}, {""name"": ""Reel-Timer"", ""price"": 10.0, ""description_word_count"": 194, ""tier_id"": ""8135673""}]",145
https://www.patreon.com/wesandsteph,Wes And Steph,1255,20366,0,{},"{'2025': 173, '2024': 508, '2023': 417, '2022': 157}",0,0,no,no,no,no,no,no,no,0,93,3,1139,0,0,0,20,0,0,0,0,0,2037,1192,0,0,0,0,1,"[{""name"": ""Beautiful People Of The Internet"", ""price"": 5.0, ""description_word_count"": 38, ""tier_id"": ""8453186""}]",82
https://www.patreon.com/YourRAGEGaming,YourRAGE,18,0,0,{},{'2025': 18},0,0,no,no,no,no,no,no,no,0,1,1,16,0,0,0,0,0,0,0,0,0,1466,421,0,0,1,0,1,"[{""name"": ""YRG"", ""price"": 3.0, ""description_word_count"": 18, ""tier_id"": ""25219616""}]",10
https://www.patreon.com/micahskspot,Micah's K-Spot,1012,11584,0,{},"{'2025': 93, '2024': 376, '2023': 276, '2022': 113, '2021': 127, '2020': 27}",0,0,no,no,no,no,no,no,no,0,32,9,879,0,0,0,4,0,0,0,0,0,1550,564,0,0,0,0,3,"[{""name"": ""The Olympian"", ""price"": 0.0, ""description_word_count"": 95, ""tier_id"": ""6092296""}, {""name"": ""The Titan"", ""price"": 0.0, ""description_word_count"": 79, ""tier_id"": ""6558243""}, {""name"": ""Mount Olympus"", ""price"": 0.0, ""description_word_count"": 63, ""tier_id"": ""7596537""}]",71
https://www.patreon.com/KenanGrace,Kenan Grace,1,18340,0,{},{'2021': 1},0,0,no,no,no,no,no,no,no,0,0,1,0,0,0,0,0,0,0,0,0,0,1,21,0,0,0,0,2,"[{""name"": ""Bachelor’s 🎓🎓🎓.."", ""price"": 14.99, ""description_word_count"": 33, ""tier_id"": ""24691373""}, {""name"": ""Doctorate🎓🎓🎓"", ""price"": 99.99, ""description_word_count"": 43, ""tier_id"": ""24639567""}]",284
https://www.patreon.com/BehindTheLikesPodcast,Behind The Likes Podcast,72,0,0,{},"{'2025': 13, '2024': 39, '2023': 20}",0,0,no,no,no,no,no,no,no,0,2,8,62,0,0,0,0,0,0,0,0,0,3163,1322,0,0,0,0,1,"[{""name"": ""BTL EXCLUSIVES"", ""price"": 10.0, ""description_word_count"": 56, ""tier_id"": ""9886523""}]",244
https://www.patreon.com/stevenreactz,Steven Walker,639,5204,0,{},"{'2025': 26, '2024': 86, '2023': 78, '2022': 92, '2021': 153, '2020': 158, '2019': 46}",0,4,no,yes,yes,yes,yes,no,no,4,79,71,486,0,0,0,2,0,0,0,0,0,604,246,0,0,0,0,2,"[{""name"": ""Steven Supporters <3"", ""price"": 5.0, ""description_word_count"": 37, ""tier_id"": ""10047512""}, {""name"": ""CUSTOM VIDEO REACTION"", ""price"": 65.0, ""description_word_count"": 57, ""tier_id"": ""7399703""}]",445
https://www.patreon.com/thismightgetweird,This Might Get Weird,1222,4559,0,{},"{'2025': 51, '2024': 203, '2023': 207, '2022': 144, '2021': 180, '2020': 238, '2019': 164, '2018': 35}",0,0,no,no,no,no,no,no,no,0,230,494,194,0,0,0,16,0,0,0,0,0,1300,312,0,0,0,0,3,"[{""name"": ""Weirdos"", ""price"": 5.0, ""description_word_count"": 39, ""tier_id"": ""3047860""}, {""name"": ""Creeps"", ""price"": 15.0, ""description_word_count"": 25, ""tier_id"": ""3047880""}, {""name"": ""Pervs"", ""price"": 69.0, ""description_word_count"": 23, ""tier_id"": ""3047899""}]",135
https://www.patreon.com/sentate,Sentate,208,174036,0,{},"{'2025': 8, '2024': 27, '2023': 27, '2022': 42, '2021': 43, '2020': 61}",0,2,no,yes,yes,no,no,no,no,2,3,178,9,0,0,0,17,0,0,0,3223,672,2987,300,0,0,2,0,3,"[{""name"": ""Fashionista"", ""price"": 1.0, ""description_word_count"": 7, ""tier_id"": ""4614301""}, {""name"": ""Couture Client"", ""price"": 2.0, ""description_word_count"": 7, ""tier_id"": ""4614302""}, {""name"": ""Style Council"", ""price"": 4.0, ""description_word_count"": 7, ""tier_id"": ""4614303""}]",42
https://www.patreon.com/AJayDeLuxe,AJay,109,0,0,{},"{'2025': 15, '2024': 48, '2023': 46}",0,0,no,no,no,no,no,no,no,0,7,0,100,0,0,0,2,0,0,0,0,0,15450,10025,0,0,0,0,1,"[{""name"": """", ""price"": 5.0, ""description_word_count"": 46, ""tier_id"": ""9651022""}]",54
https://www.patreon.com/cancelled,Cancelled,65,0,0,{},"{'2025': 26, '2024': 39}",0,0,no,no,no,no,no,no,no,0,9,7,39,0,0,0,2,0,0,0,0,0,12671,4999,0,0,1,0,1,"[{""name"": ""Cancelled"", ""price"": 10.0, ""description_word_count"": 44, ""tier_id"": ""23394505""}]",0
https://www.patreon.com/elliesimple,Elliesimple,316,122259,0,{},"{'2024': 36, '2023': 36, '2022': 25, '2021': 20, '2020': 14, '2019': 38, '2018': 136, '2017': 11}",0,5,no,no,yes,no,no,no,no,1,13,299,3,0,0,0,1,0,0,0,2866,32,389,37,0,0,0,0,2,"[{""name"": ""✿ Poppy - Super Supporter"", ""price"": 3.5, ""description_word_count"": 41, ""tier_id"": ""23556327""}, {""name"": ""✿ Orchid - Ultra Supporter"", ""price"": 6.5, ""description_word_count"": 85, ""tier_id"": ""23556283""}]",49
https://www.patreon.com/kioshiwarrior,KioshiWarrior,360,0,0,{},"{'2025': 44, '2024': 124, '2023': 59, '2022': 89, '2021': 43, '2020': 1}",0,2,no,yes,yes,no,no,no,no,2,43,2,265,0,0,0,11,0,0,0,0,0,1666,541,0,0,1,0,4,"[{""name"": ""The Kioshi and Romeo Fund ✨"", ""price"": 4.0, ""description_word_count"": 64, ""tier_id"": ""25623305""}, {""name"": ""KW Music Hub 🎧"", ""price"": 7.0, ""description_word_count"": 60, ""tier_id"": ""8360321""}, {""name"": ""Warriors of the Week 🎥"", ""price"": 10.0, ""description_word_count"": 81, ""tier_id"": ""9839353""}, {""name"": ""A Ki With Kioshi 🎙️"", ""price"": 13.5, ""description_word_count"": 153, ""tier_id"": ""9839360""}]",70
https://www.patreon.com/asmrmads,Asmr Mads,1042,7628,0,{},"{'2025': 50, '2024': 241, '2023': 145, '2022': 171, '2021': 153, '2020': 140, '2019': 115, '2018': 27}",0,0,no,no,no,no,no,no,no,0,414,10,398,0,0,0,10,0,0,0,0,0,667,271,0,0,1,0,4,"[{""name"": ""Basic Loves"", ""price"": 3.0, ""description_word_count"": 64, ""tier_id"": ""2096973""}, {""name"": ""Gathering loves"", ""price"": 5.0, ""description_word_count"": 70, ""tier_id"": ""8265148""}, {""name"": ""MINI  CUSTOM TIER"", ""price"": 20.0, ""description_word_count"": 280, ""tier_id"": ""24899657""}, {""name"": ""NOT OPEN AT THIS TIME"", ""price"": 40.0, ""description_word_count"": 332, ""tier_id"": ""23823527""}]",311
https://www.patreon.com/zaneandheath,Zane and Heath: UNFILTERED,604,0,0,{},"{'2025': 43, '2024': 155, '2023': 177, '2022': 201, '2021': 28}",0,3,no,no,yes,no,no,no,no,1,85,66,405,0,0,0,5,0,0,0,0,0,15168,3078,0,0,1,0,1,"[{""name"": ""BEST OF THE BEST"", ""price"": 5.0, ""description_word_count"": 51, ""tier_id"": ""7853514""}]",205
https://www.patreon.com/mollyburke,Molly Burke,909,2027,0,{},"{'2025': 41, '2024': 139, '2023': 168, '2022': 203, '2021': 189, '2020': 143, '2019': 26}",0,0,no,no,no,no,no,no,no,0,285,443,30,0,0,0,12,0,0,0,0,0,448,158,0,0,4,0,5,"[{""name"": ""Baby Bees"", ""price"": 5.0, ""description_word_count"": 91, ""tier_id"": ""745494""}, {""name"": ""Bumble Bees"", ""price"": 10.0, ""description_word_count"": 68, ""tier_id"": ""745495""}, {""name"": ""Busy Bees"", ""price"": 25.0, ""description_word_count"": 58, ""tier_id"": ""745496""}, {""name"": ""Honey Bees"", ""price"": 50.0, ""description_word_count"": 56, ""tier_id"": ""745497""}, {""name"": ""Killer Bees"", ""price"": 100.0, ""description_word_count"": 68, ""tier_id"": ""4082989""}]",127
https://www.patreon.com/Dumbblondepodcast,Bunnie Xo,657,0,0,{},"{'2025': 44, '2024': 303, '2023': 175, '2022': 54, '2021': 67, '2020': 14}",0,1,no,no,yes,no,no,no,no,1,213,78,355,0,0,0,2,0,0,0,0,0,7232,2673,0,0,3,0,4,"[{""name"": ""Side Show 🎪"", ""price"": 5.0, ""description_word_count"": 74, ""tier_id"": ""3969353""}, {""name"": ""The Carnival 🎪"", ""price"": 10.0, ""description_word_count"": 64, ""tier_id"": ""22602904""}, {""name"": ""Ringleader 🎪"", ""price"": 15.0, ""description_word_count"": 126, ""tier_id"": ""7715401""}, {""name"": ""The Main Attraction 🎪"", ""price"": 22.0, ""description_word_count"": 104, ""tier_id"": ""22568712""}]",83
https://www.patreon.com/emkfit,Emily Thorne,888,2673,0,{},"{'2025': 80, '2024': 212, '2023': 227, '2022': 166, '2021': 129, '2020': 74}",0,1,no,no,yes,no,no,no,no,1,423,40,76,0,0,0,172,0,0,0,0,0,756,250,0,0,0,0,4,"[{""name"": ""Cool Clown"", ""price"": 3.0, ""description_word_count"": 59, ""tier_id"": ""5454001""}, {""name"": ""Sweet Angel Clown"", ""price"": 5.0, ""description_word_count"": 83, ""tier_id"": ""5454003""}, {""name"": ""VIC: Very Important Clown"", ""price"": 10.0, ""description_word_count"": 129, ""tier_id"": ""5454005""}, {""name"": ""VIC+ CLASS PASS"", ""price"": 20.0, ""description_word_count"": 187, ""tier_id"": ""22596324""}]",107
https://www.patreon.com/DNAReactions,DNA Reacts,161,0,0,{},"{'2025': 16, '2024': 105, '2023': 40}",0,1,no,no,yes,no,no,no,no,1,12,1,140,0,0,0,7,0,0,0,0,0,1810,547,0,0,1,0,3,"[{""name"": ""Gangy"", ""price"": 1.0, ""description_word_count"": 26, ""tier_id"": ""21492756""}, {""name"": ""(Admin Only)"", ""price"": 1.0, ""description_word_count"": 0, ""tier_id"": ""24285461""}, {""name"": ""Real Ones"", ""price"": 5.0, ""description_word_count"": 26, ""tier_id"": ""21611194""}]",0
https://www.patreon.com/rttv_,RT TV,6467,0,0,{},"{'2025': 371, '2024': 1563, '2023': 1447, '2022': 1267, '2021': 724, '2020': 632, '2019': 300, '2018': 163}",0,2,no,no,yes,no,yes,no,no,2,796,286,4381,0,0,0,161,0,0,0,0,0,1868,828,0,0,0,0,4,"[{""name"": ""Access Granted!"", ""price"": 1.0, ""description_word_count"": 20, ""tier_id"": ""9605800""}, {""name"": ""Rookie"", ""price"": 5.0, ""description_word_count"": 38, ""tier_id"": ""2681101""}, {""name"": ""Willpower Alumn"", ""price"": 10.0, ""description_word_count"": 39, ""tier_id"": ""2681121""}, {""name"": ""Ultra WillPower"", ""price"": 15.0, ""description_word_count"": 26, ""tier_id"": ""5346264""}]",85
https://www.patreon.com/saracarrolli,Sara Carrolli,598,0,0,{},"{'2025': 63, '2024': 299, '2023': 236}",0,1,no,no,yes,no,no,no,no,1,212,53,220,0,0,0,39,0,0,0,0,0,2051,797,0,0,0,0,3,"[{""name"": ""Found Family"", ""price"": 1.0, ""description_word_count"": 61, ""tier_id"": ""9848937""}, {""name"": ""Friends to Lovers"", ""price"": 5.0, ""description_word_count"": 55, ""tier_id"": ""9334002""}, {""name"": ""Soul Mates"", ""price"": 8.0, ""description_word_count"": 38, ""tier_id"": ""9848951""}]",224
https://www.patreon.com/JeremyLefebvre,Jeremy Lefebvre,161,2334,0,{},"{'2025': 16, '2024': 61, '2023': 84}",0,2,no,no,no,yes,yes,no,no,2,40,105,2,0,0,0,0,0,0,0,0,0,922,706,0,0,0,0,3,"[{""name"": ""FlapJack Flippin' Support!"", ""price"": 7.0, ""description_word_count"": 35, ""tier_id"": ""23075320""}, {""name"": ""Buy the Dip and Never Trip"", ""price"": 33.0, ""description_word_count"": 40, ""tier_id"": ""24289146""}, {""name"": ""VIP Bundle- (Discord chat + Courses)"", ""price"": 125.0, ""description_word_count"": 82, ""tier_id"": ""10307811""}]",132
https://www.patreon.com/GiantsNation,Giants Nation Show,1069,0,0,{},"{'2025': 32, '2024': 138, '2023': 170, '2022': 250, '2021': 290, '2020': 189}",0,0,no,no,no,no,no,no,no,0,437,23,14,0,0,0,0,0,0,0,0,0,1322,1003,0,0,0,0,3,"[{""name"": ""Official Patron"", ""price"": 6.0, ""description_word_count"": 33, ""tier_id"": ""5589798""}, {""name"": ""World Beater Tier"", ""price"": 9.99, ""description_word_count"": 48, ""tier_id"": ""7521745""}, {""name"": ""Family"", ""price"": 100.0, ""description_word_count"": 53, ""tier_id"": ""7521770""}]",89
https://www.patreon.com/puddinsfabshop,Puddin's Fab Shop,22,0,0,{},"{'2025': 19, '2021': 3}",0,4,yes,no,yes,yes,no,yes,no,4,4,6,12,0,0,0,0,0,0,0,615,117,1048,240,0,0,0,0,1,"[{""name"": ""PFS Full Access!"", ""price"": 5.0, ""description_word_count"": 12, ""tier_id"": ""7542749""}]",99
https://www.patreon.com/PWMods,Pro Wrestling Mods,113,0,0,{},"{'2025': 2, '2024': 18, '2023': 55, '2022': 38}",0,1,no,yes,no,no,no,no,yes,2,72,4,30,0,0,0,0,0,0,0,570,506,129,424,0,0,0,0,4,"[{""name"": ""Advocate"", ""price"": 5.0, ""description_word_count"": 14, ""tier_id"": ""8266530""}, {""name"": ""All-Elite"", ""price"": 10.0, ""description_word_count"": 49, ""tier_id"": ""8266531""}, {""name"": ""PWM Champion"", ""price"": 20.0, ""description_word_count"": 75, ""tier_id"": ""8266532""}, {""name"": ""PWM Icon"", ""price"": 30.0, ""description_word_count"": 95, ""tier_id"": ""8266603""}]",153
https://www.patreon.com/theminorities3,the minorities,295,0,0,{},"{'2025': 25, '2024': 68, '2023': 37, '2022': 58, '2021': 40, '2020': 46, '2019': 21}",0,2,no,yes,yes,no,no,no,no,2,70,28,186,0,0,0,0,0,0,0,0,0,2810,1180,0,0,0,0,5,"[{""name"": ""Waterboy"", ""price"": 2.0, ""description_word_count"": 24, ""tier_id"": ""3734223""}, {""name"": ""Bench Player"", ""price"": 5.0, ""description_word_count"": 22, ""tier_id"": ""3734226""}, {""name"": ""Starter"", ""price"": 10.0, ""description_word_count"": 32, ""tier_id"": ""3734232""}, {""name"": ""Franchise Player"", ""price"": 20.0, ""description_word_count"": 32, ""tier_id"": ""3734235""}, {""name"": ""Championship Celebration"", ""price"": 4000.0, ""description_word_count"": 21, ""tier_id"": ""3880694""}]",32
https://www.patreon.com/stephenhilton,Stephen Hilton,313,0,0,{},"{'2025': 26, '2024': 48, '2023': 161, '2022': 78}",0,1,no,no,yes,no,no,no,no,1,90,22,103,0,0,0,0,0,0,0,29,2,517,413,0,0,0,0,4,"[{""name"": ""Lovely Patron"", ""price"": 6.0, ""description_word_count"": 52, ""tier_id"": ""7281631""}, {""name"": ""Super Supporter!"", ""price"": 10.0, ""description_word_count"": 48, ""tier_id"": ""9037260""}, {""name"": ""INSIDERS GROUP + DISCORD"", ""price"": 45.0, ""description_word_count"": 26, ""tier_id"": ""9466926""}, {""name"": ""TOP TIER INNER CIRCLE + DISCORD"", ""price"": 100.0, ""description_word_count"": 55, ""tier_id"": ""9294669""}]",109
https://www.patreon.com/lovelyti,lovelyti,1967,2685,0,{},"{'2025': 62, '2024': 253, '2023': 228, '2022': 266, '2021': 219, '2020': 245, '2019': 318, '2018': 376}",0,1,no,no,yes,no,no,no,no,1,165,73,62,0,0,0,0,0,0,0,0,0,548,153,0,0,0,0,3,"[{""name"": ""showing support"", ""price"": 5.0, ""description_word_count"": 113, ""tier_id"": ""734616""}, {""name"": ""super sipper"", ""price"": 10.0, ""description_word_count"": 113, ""tier_id"": ""2440758""}, {""name"": ""extreme sipper"", ""price"": 20.0, ""description_word_count"": 113, ""tier_id"": ""2440772""}]",111
https://www.patreon.com/Gamechamp,Gamechamp3000,143,1262,0,{},"{'2025': 4, '2024': 21, '2023': 16, '2022': 48, '2021': 30, '2020': 15, '2019': 4, '2018': 3, '2017': 2}",0,2,no,yes,no,no,yes,no,no,2,55,0,81,0,0,0,1,0,0,0,0,0,8,2,0,0,1,0,3,"[{""name"": ""I Wanna Be A Pop Star"", ""price"": 1.0, ""description_word_count"": 33, ""tier_id"": ""1003204""}, {""name"": ""Lore Drop"", ""price"": 5.0, ""description_word_count"": 24, ""tier_id"": ""1254765""}, {""name"": ""Money Sandwich"", ""price"": 10.0, ""description_word_count"": 29, ""tier_id"": ""7905251""}]",440
https://www.patreon.com/cgpgrey,CGP Grey,256,0,0,{},"{'2025': 3, '2024': 4, '2023': 44, '2022': 8, '2021': 14, '2020': 23, '2019': 15, '2018': 9, '2017': 15, '2016': 25, '2015': 20, '2014': 14, '2013': 16, '2012': 26, '2011': 20}",0,0,no,no,no,no,no,no,no,0,27,19,95,0,0,0,0,0,0,0,979,135,471,84,0,0,0,0,5,"[{""name"": ""Bonnie Bee Brigade"", ""price"": 3.0, ""description_word_count"": 12, ""tier_id"": ""464992""}, {""name"": ""Bonus Videos!"", ""price"": 7.0, ""description_word_count"": 27, ""tier_id"": ""10135261""}, {""name"": ""Wall of Thanks"", ""price"": 10.0, ""description_word_count"": 73, ""tier_id"": ""10135302""}, {""name"": ""Live Chat in the Discord!"", ""price"": 15.0, ""description_word_count"": 39, ""tier_id"": ""7702168""}, {""name"": ""Top Chicken!!"", ""price"": 100.0, ""description_word_count"": 105, ""tier_id"": ""9970122""}]",20
https://www.patreon.com/KyaandCo,Kya & Co,704,0,0,{},"{'2025': 5, '2024': 110, '2023': 15, '2022': 182, '2021': 276, '2020': 86, '2019': 11, '2018': 19}",0,4,no,no,yes,yes,yes,yes,no,4,264,249,75,0,0,0,59,0,0,0,620,125,2394,1327,0,0,0,0,5,"[{""name"": ""LITTLE LOVE"", ""price"": 1.0, ""description_word_count"": 99, ""tier_id"": ""2947661""}, {""name"": ""INTEGRATED INVOLVEMENT!"", ""price"": 5.0, ""description_word_count"": 134, ""tier_id"": ""2947681""}, {""name"": ""THE LAUGHTER PACKET!"", ""price"": 15.0, ""description_word_count"": 232, ""tier_id"": ""2947698""}, {""name"": ""SWEETER THAN SALLY"", ""price"": 30.0, ""description_word_count"": 264, ""tier_id"": ""2947715""}, {""name"": ""PROTECTOR PATRON"", ""price"": 100.0, ""description_word_count"": 276, ""tier_id"": ""2947760""}]",420
https://www.patreon.com/WolfeyVGC,WolfeyVGC,185,3472,0,{},"{'2025': 39, '2024': 97, '2023': 49}",0,3,no,yes,yes,yes,no,no,no,3,34,21,84,0,0,0,38,0,0,0,0,0,1625,348,0,0,0,0,4,"[{""name"": ""Gym Trainer"", ""price"": 5.0, ""description_word_count"": 41, ""tier_id"": ""10157802""}, {""name"": ""Gym Leader"", ""price"": 10.0, ""description_word_count"": 85, ""tier_id"": ""10157849""}, {""name"": ""Elite 4 Member"", ""price"": 25.0, ""description_word_count"": 97, ""tier_id"": ""10157903""}, {""name"": ""Champion"", ""price"": 50.0, ""description_word_count"": 60, ""tier_id"": ""10157924""}]",139
https://www.patreon.com/dotdiscovery,DISCOVERY,163,0,0,{},"{'2025': 17, '2024': 61, '2023': 51, '2022': 34}",0,1,no,yes,no,no,no,no,no,1,2,146,11,0,0,0,4,0,0,0,0,0,106,0,0,0,0,0,3,"[{""name"": ""MEMBER"", ""price"": 0.0, ""description_word_count"": 24, ""tier_id"": ""2053690""}, {""name"": ""MVP"", ""price"": 0.0, ""description_word_count"": 21, ""tier_id"": ""2962106""}, {""name"": ""PREMIUM"", ""price"": 0.0, ""description_word_count"": 22, ""tier_id"": ""2962107""}]",148
https://www.patreon.com/thelonginvestor,The Long Investor,12262,3633,0,{},"{'2025': 1464, '2024': 5054, '2023': 5193, '2022': 551}",0,1,no,yes,no,no,no,no,no,1,113,12131,1,0,0,0,9,0,0,0,0,0,1250,53,0,0,7,0,3,"[{""name"": ""Access to all Technical Charts"", ""price"": 37.0, ""description_word_count"": 124, ""tier_id"": ""9426731""}, {""name"": ""Access to all Technical Charts PRO"", ""price"": 69.99, ""description_word_count"": 169, ""tier_id"": ""9249633""}, {""name"": ""The Executive Lounge"", ""price"": 500.0, ""description_word_count"": 185, ""tier_id"": ""9704869""}]",136
https://www.patreon.com/INFLUENCERCITY,INFLUENCER CITY,89,0,0,{},"{'2025': 15, '2024': 31, '2023': 45}",0,2,no,no,yes,yes,no,no,no,2,0,2,59,0,0,0,0,0,0,0,0,0,2106,1244,0,0,1,0,2,"[{""name"": ""GREEN SQUAD"", ""price"": 6.99, ""description_word_count"": 9, ""tier_id"": ""7829979""}, {""name"": ""RED SQUAD"", ""price"": 9.99, ""description_word_count"": 29, ""tier_id"": ""7829978""}]",16
https://www.patreon.com/Supereyepatchwolf,Super Eyepatch Wolf,132,9322,0,{},"{'2025': 3, '2024': 8, '2023': 9, '2022': 17, '2021': 18, '2020': 13, '2019': 11, '2018': 23, '2017': 30}",0,0,no,no,no,no,no,no,no,0,131,0,1,0,0,0,0,0,0,0,0,0,204,30,0,0,0,0,3,"[{""name"": ""SUPER EYEPATCH WOLF PACK"", ""price"": 1.0, ""description_word_count"": 94, ""tier_id"": ""1302368""}, {""name"": ""Three Dollar Teir"", ""price"": 3.0, ""description_word_count"": 49, ""tier_id"": ""20908394""}, {""name"": ""Five Dollar Tier (possibly haunted)"", ""price"": 5.0, ""description_word_count"": 44, ""tier_id"": ""20908407""}]",748
https://www.patreon.com/antondaniels,Anton Daniels,194,0,0,{},"{'2025': 7, '2024': 24, '2023': 48, '2022': 60, '2021': 55}",0,1,no,no,yes,no,no,no,no,1,0,29,155,0,0,0,6,0,0,0,0,0,4151,1011,0,0,0,0,3,"[{""name"": ""Early adopters"", ""price"": 9.0, ""description_word_count"": 69, ""tier_id"": ""7177040""}, {""name"": ""Exclusive access"", ""price"": 15.0, ""description_word_count"": 92, ""tier_id"": ""7659148""}, {""name"": ""Seat at the table"", ""price"": 49.0, ""description_word_count"": 60, ""tier_id"": ""6941094""}]",64
https://www.patreon.com/Vambie_Reacts,Vambie_Reacts,25,1349,0,{},{'2025': 25},0,2,no,no,no,yes,no,yes,no,2,5,1,17,0,0,0,2,0,0,0,12,5,793,575,0,0,2,0,1,"[{""name"": ""All-Access Member"", ""price"": 5.0, ""description_word_count"": 80, ""tier_id"": ""25398912""}]",31
https://www.patreon.com/theovon,Theo Von,260,7834,0,{},"{'2025': 3, '2024': 19, '2023': 18, '2022': 13, '2021': 11, '2020': 23, '2019': 86, '2018': 62, '2017': 25}",0,1,no,no,no,no,no,no,no,0,68,61,110,0,0,0,0,0,0,0,0,0,12,5,0,0,0,0,1,"[{""name"": ""Thanks, BRUH!"", ""price"": 2.0, ""description_word_count"": 67, ""tier_id"": ""1645566""}]",875
https://www.patreon.com/urfavorit3trash,urfavorit3trash,161,0,0,{},"{'2025': 21, '2024': 89, '2023': 51}",0,1,no,yes,no,no,no,no,no,1,6,155,0,0,0,0,0,0,0,0,0,0,329,37,0,0,0,0,1,"[{""name"": ""Stand Alone Tier"", ""price"": 6.0, ""description_word_count"": 16, ""tier_id"": ""9143422""}]",12
https://www.patreon.com/thereelrejects,The Reel Rejects,6969,17524,0,{},"{'2025': 177, '2024': 770, '2023': 769, '2022': 871, '2021': 883, '2020': 1066, '2019': 982, '2018': 971, '2017': 480}",0,1,no,no,yes,no,no,no,no,1,270,394,5920,0,0,0,36,0,0,0,0,0,9,3,0,0,0,0,4,"[{""name"": ""Hop Aboard the Good Ship Reject! 🚢"", ""price"": 1.0, ""description_word_count"": 55, ""tier_id"": ""1705776""}, {""name"": ""TV SHOW & MOVIE REACTIONS! 🥃"", ""price"": 5.0, ""description_word_count"": 136, ""tier_id"": ""1651911""}, {""name"": ""Verbal Thank You & Behind The Scenes!!"", ""price"": 10.0, ""description_word_count"": 66, ""tier_id"": ""1610038""}, {""name"": ""Hey Hey, Patron Sponsor of the Day! 🙌🏼"", ""price"": 20.0, ""description_word_count"": 73, ""tier_id"": ""4524779""}]",204
https://www.patreon.com/TociReacts,Toci,273,905,3368,{},"{'2025': 75, '2024': 198}",0,2,no,no,no,yes,yes,no,no,2,18,19,234,0,0,0,1,0,0,0,0,0,716,366,0,0,0,0,2,"[{""name"": ""Rythym Guitarists"", ""price"": 5.0, ""description_word_count"": 43, ""tier_id"": ""23295568""}, {""name"": ""Lead Guitarist"", ""price"": 10.0, ""description_word_count"": 33, ""tier_id"": ""25366012""}]",19
https://www.patreon.com/diegesisTV,Diegesis,1549,0,0,{},"{'2025': 229, '2024': 819, '2023': 364, '2022': 103, '2021': 34}",0,1,no,no,no,yes,no,no,no,1,26,12,796,0,0,0,12,0,0,0,0,0,488,297,0,0,5,0,2,"[{""name"": ""Full Reactions"", ""price"": 5.0, ""description_word_count"": 37, ""tier_id"": ""4599517""}, {""name"": ""Early Access + Shout outs!"", ""price"": 10.0, ""description_word_count"": 32, ""tier_id"": ""8096512""}]",416
https://www.patreon.com/awkwardashleigh,Ashleigh Burton,1554,5245,0,{},"{'2025': 216, '2024': 481, '2023': 293, '2022': 288, '2021': 276}",0,2,no,no,yes,yes,no,no,no,2,55,15,1068,0,0,0,192,0,0,0,0,0,1087,649,0,0,0,0,4,"[{""name"": ""Donation"", ""price"": 3.0, ""description_word_count"": 33, ""tier_id"": ""5268846""}, {""name"": ""Bedroom Closet"", ""price"": 8.0, ""description_word_count"": 25, ""tier_id"": ""6486820""}, {""name"": ""Hi. Yes. Hello!"", ""price"": 10.0, ""description_word_count"": 68, ""tier_id"": ""5268847""}, {""name"": ""Beans"", ""price"": 20.0, ""description_word_count"": 66, ""tier_id"": ""5268848""}]",76
https://www.patreon.com/lazymasquerade,Lazy Masquerade,144,1280,0,{},"{'2025': 16, '2024': 11, '2023': 25, '2022': 4, '2021': 7, '2020': 21, '2019': 59, '2015': 1}",0,1,no,no,yes,no,no,no,no,1,28,5,26,0,0,0,0,0,0,0,0,0,93,10,0,0,0,0,4,"[{""name"": ""Probable Axe Murderers"", ""price"": 1.0, ""description_word_count"": 9, ""tier_id"": ""3220097""}, {""name"": ""Fleshgaits"", ""price"": 5.0, ""description_word_count"": 32, ""tier_id"": ""3220146""}, {""name"": ""Yōkai"", ""price"": 10.0, ""description_word_count"": 58, ""tier_id"": ""3220690""}, {""name"": ""The Blood Court"", ""price"": 25.0, ""description_word_count"": 76, ""tier_id"": ""3220168""}]",39
https://www.patreon.com/warcraftlogs,Archon.gg,34,18001,0,{},"{'2025': 2, '2024': 10, '2020': 5, '2018': 1, '2016': 7, '2015': 9}",0,1,no,yes,no,no,no,no,yes,2,34,0,0,0,0,0,0,0,0,0,122,114,108,75,0,0,0,0,4,"[{""name"": ""Silver"", ""price"": 2.0, ""description_word_count"": 45, ""tier_id"": ""8223626""}, {""name"": ""Gold"", ""price"": 5.0, ""description_word_count"": 77, ""tier_id"": ""8223645""}, {""name"": ""Platinum"", ""price"": 10.0, ""description_word_count"": 72, ""tier_id"": ""8223649""}, {""name"": ""Alchemical Society"", ""price"": 25.0, ""description_word_count"": 78, ""tier_id"": ""22550711""}]",338
https://www.patreon.com/es_de,ES-DE Frontend,13,65688,0,{},"{'2025': 1, '2024': 12}",0,0,no,no,no,no,no,no,no,0,13,0,0,0,0,0,0,0,0,0,247,0,689,1114,0,0,0,0,1,"[{""name"": ""Android supporter"", ""price"": 0.0, ""description_word_count"": 66, ""tier_id"": ""22409057""}]",64
https://www.patreon.com/gofile,Gofile,15,0,0,{},"{'2023': 1, '2022': 2, '2021': 5, '2020': 3}",0,0,no,no,no,no,no,no,no,0,15,0,0,0,0,0,0,0,0,0,0,0,374,171,0,0,0,0,1,"[{""name"": ""Gofile Premium"", ""price"": 9.0, ""description_word_count"": 51, ""tier_id"": ""22762532""}]",101
https://www.patreon.com/metaidea,Meta Idea,32,0,0,{},"{'2024': 1, '2023': 1, '2022': 24, '2021': 6}",0,3,no,no,no,no,no,no,yes,1,2,29,0,0,0,0,0,0,0,0,247,0,110,0,0,0,0,0,4,"[{""name"": ""supporter"", ""price"": 0.0, ""description_word_count"": 58, ""tier_id"": ""7358944""}, {""name"": ""meta supporter"", ""price"": 0.0, ""description_word_count"": 108, ""tier_id"": ""7358972""}, {""name"": ""Ultra Supporter"", ""price"": 0.0, ""description_word_count"": 126, ""tier_id"": ""7359070""}, {""name"": ""Legendary Supporter"", ""price"": 0.0, ""description_word_count"": 132, ""tier_id"": ""8612964""}]",211
https://www.patreon.com/ninjaripper,blackninja,26,45453,0,{},"{'2025': 2, '2024': 6, '2023': 5, '2022': 6, '2021': 7}",0,1,no,no,no,yes,no,no,yes,2,26,0,0,0,0,0,0,0,0,0,50,27,895,2384,0,0,0,0,3,"[{""name"": ""Fan"", ""price"": 1.0, ""description_word_count"": 18, ""tier_id"": ""7304266""}, {""name"": ""Exclusive content"", ""price"": 5.0, ""description_word_count"": 21, ""tier_id"": ""7304259""}, {""name"": ""Exclusive content++"", ""price"": 15.0, ""description_word_count"": 28, ""tier_id"": ""7713704""}]",140
https://www.patreon.com/KyberServers,KYBER V2 for STAR WARS Battlefront II,8,3664,0,{},"{'2025': 1, '2024': 6, '2022': 1}",0,1,no,yes,no,no,no,no,yes,2,5,3,0,0,0,0,0,0,0,0,113,38,33,10,0,0,0,0,3,"[{""name"": ""Durasteel"", ""price"": 4.99, ""description_word_count"": 156, ""tier_id"": ""8039424""}, {""name"": ""Beskar"", ""price"": 9.99, ""description_word_count"": 156, ""tier_id"": ""8196287""}, {""name"": ""KYBER Heart"", ""price"": 14.99, ""description_word_count"": 156, ""tier_id"": ""8197122""}]",91
https://www.patreon.com/NextGenDreams,NextGen Dreams,5,33516,0,{},"{'2025': 1, '2024': 3, '2023': 1}",0,1,no,no,no,yes,no,no,no,1,0,5,0,0,0,0,0,0,0,0,128,0,344,694,0,0,0,0,2,"[{""name"": ""NextGen Gold"", ""price"": 8.0, ""description_word_count"": 38, ""tier_id"": ""21987764""}, {""name"": ""NextGen Platinum"", ""price"": 12.0, ""description_word_count"": 51, ""tier_id"": ""21987800""}]",41
https://www.patreon.com/Otis_Inf,Otis_Inf,63,4769,0,{},"{'2025': 6, '2024': 12, '2023': 12, '2022': 14, '2021': 17, '2020': 2}",0,2,no,no,no,no,no,no,no,0,37,23,2,0,0,0,0,0,0,0,375,331,1019,1298,0,0,0,0,1,"[{""name"": ""One"", ""price"": 0.0, ""description_word_count"": 39, ""tier_id"": ""5360283""}]",769
https://www.patreon.com/vocalremover,Melnik Dmitry,6,0,0,{},"{'2025': 1, '2024': 1, '2023': 2, '2022': 1, '2021': 1}",0,1,no,no,no,no,no,no,no,0,4,0,0,0,0,0,2,0,0,0,0,0,1940,2536,0,0,0,0,1,"[{""name"": """", ""price"": 5.0, ""description_word_count"": 0, ""tier_id"": ""23301843""}]",86
https://www.patreon.com/vibevilla,VibeVilla,1073,30560,0,{},"{'2025': 78, '2024': 254, '2023': 220, '2022': 229, '2021': 166, '2020': 104, '2019': 22}",0,3,no,yes,yes,no,no,no,no,2,34,1,933,0,0,0,54,0,0,0,0,0,933,745,0,0,0,0,4,"[{""name"": ""Catch the Vibe"", ""price"": 1.0, ""description_word_count"": 91, ""tier_id"": ""3636056""}, {""name"": ""Bonus Vibes!"", ""price"": 2.0, ""description_word_count"": 76, ""tier_id"": ""8824752""}, {""name"": ""Trust the Vibe!!"", ""price"": 5.0, ""description_word_count"": 81, ""tier_id"": ""3636630""}, {""name"": ""You KNOW The Vibes!!!"", ""price"": 9.0, ""description_word_count"": 90, ""tier_id"": ""8824762""}]",80
https://www.patreon.com/itsbenkim,Ben Kim,549,0,0,{},"{'2025': 139, '2024': 410}",0,0,no,no,no,no,no,no,no,0,7,5,535,0,0,0,2,0,0,0,0,0,4689,751,0,0,3,0,6,"[{""name"": ""STRAY KIDS"", ""price"": 5.0, ""description_word_count"": 4, ""tier_id"": ""22274045""}, {""name"": ""BTS"", ""price"": 5.0, ""description_word_count"": 3, ""tier_id"": ""22960989""}, {""name"": ""SEVENTEEN"", ""price"": 5.0, ""description_word_count"": 2, ""tier_id"": ""23991036""}, {""name"": ""ATEEZ"", ""price"": 5.0, ""description_word_count"": 3, ""tier_id"": ""24602743""}, {""name"": ""ENHYPEN"", ""price"": 5.0, ""description_word_count"": 3, ""tier_id"": ""25217036""}, {""name"": ""All Inclusive!"", ""price"": 7.5, ""description_word_count"": 7, ""tier_id"": ""22966241""}]",11
https://www.patreon.com/JukeJams,Juke Jams,399,4692,0,{},"{'2025': 213, '2024': 186}",0,3,no,no,yes,yes,yes,no,no,3,9,7,381,0,0,0,2,0,0,0,0,0,835,379,0,0,1,0,3,"[{""name"": ""Uncut Album & Concert Reactions"", ""price"": 2.5, ""description_word_count"": 248, ""tier_id"": ""24555422""}, {""name"": ""Juke Jams Fam"", ""price"": 5.0, ""description_word_count"": 272, ""tier_id"": ""22636358""}, {""name"": ""Lovers N Friends"", ""price"": 10.0, ""description_word_count"": 52, ""tier_id"": ""22754912""}]",12
https://www.patreon.com/ellecordova,Elle Cordova,328,2802,0,{},"{'2025': 11, '2024': 4, '2023': 30, '2022': 33, '2021': 51, '2020': 53, '2019': 50, '2018': 50, '2017': 46}",0,3,no,no,yes,yes,no,yes,no,3,3,18,252,0,0,0,4,0,0,0,2308,1068,1221,610,0,0,3,0,6,"[{""name"": ""Ice Potatoes"", ""price"": 4.0, ""description_word_count"": 31, ""tier_id"": ""145810""}, {""name"": ""Blue Moons"", ""price"": 12.0, ""description_word_count"": 28, ""tier_id"": ""145811""}, {""name"": ""Class M Planets"", ""price"": 20.0, ""description_word_count"": 31, ""tier_id"": ""145812""}, {""name"": ""Red Giants"", ""price"": 40.0, ""description_word_count"": 45, ""tier_id"": ""145813""}, {""name"": ""Neutron Stars"", ""price"": 100.0, ""description_word_count"": 88, ""tier_id"": ""6597582""}, {""name"": ""Black Holes"", ""price"": 200.0, ""description_word_count"": 105, ""tier_id"": ""145814""}]",175
https://www.patreon.com/NigelBaker,Nigel Baker,1187,16156,0,{},"{'2025': 111, '2024': 389, '2023': 357, '2022': 298, '2021': 32}",0,2,no,no,no,yes,yes,no,no,2,27,36,901,0,0,0,5,0,0,0,0,0,3936,778,0,0,0,0,4,"[{""name"": ""General Supporter Access"", ""price"": 4.99, ""description_word_count"": 155, ""tier_id"": ""7933044""}, {""name"": ""All Access"", ""price"": 9.99, ""description_word_count"": 144, ""tier_id"": ""7936894""}, {""name"": ""THE RECOMMENDATION TIER"", ""price"": 16.99, ""description_word_count"": 381, ""tier_id"": ""9053572""}, {""name"": ""Super Supporter Tier"", ""price"": 23.99, ""description_word_count"": 525, ""tier_id"": ""9054333""}]",208
https://www.patreon.com/panpiano,panpiano,520,0,0,{},"{'2025': 57, '2024': 179, '2023': 102, '2022': 145, '2021': 12, '2020': 12, '2019': 12, '2018': 1}",0,2,no,yes,no,yes,no,no,no,2,7,221,290,0,0,0,0,0,0,0,5750,12,332,34,0,0,0,0,5,"[{""name"": ""Tip"", ""price"": 1.0, ""description_word_count"": 7, ""tier_id"": ""3043520""}, {""name"": ""High Quality Audio Files"", ""price"": 5.0, ""description_word_count"": 9, ""tier_id"": ""3051285""}, {""name"": ""Pan Fan"", ""price"": 10.0, ""description_word_count"": 28, ""tier_id"": ""8293323""}, {""name"": ""Big Pan Fan"", ""price"": 35.0, ""description_word_count"": 42, ""tier_id"": ""8293334""}, {""name"": ""Super Pan Fan"", ""price"": 110.0, ""description_word_count"": 56, ""tier_id"": ""8293363""}]",98
https://www.patreon.com/renmakesmusic,Ren,205,25601,0,{},"{'2025': 39, '2024': 135, '2023': 31}",0,2,no,no,no,yes,yes,no,no,2,28,24,148,0,0,0,2,0,0,0,0,0,13936,5564,0,0,5,0,2,"[{""name"": ""BTS"", ""price"": 0.0, ""description_word_count"": 44, ""tier_id"": ""21587734""}, {""name"": ""BTS + Ren Music Lessons"", ""price"": 0.0, ""description_word_count"": 53, ""tier_id"": ""10191291""}]",67
https://www.patreon.com/jackstauber,Jack Stauber,233,21656,11370,{},"{'2025': 2, '2024': 22, '2023': 21, '2022': 22, '2021': 26, '2020': 21, '2019': 25, '2018': 94}",0,0,no,no,no,no,no,no,no,0,4,24,75,0,0,0,0,0,0,0,0,0,10710,2081,0,0,0,0,2,"[{""name"": ""Tape Cadet"", ""price"": 1.0, ""description_word_count"": 5, ""tier_id"": ""2489939""}, {""name"": ""Al Dente Club"", ""price"": 5.0, ""description_word_count"": 6, ""tier_id"": ""2489946""}]",157
https://www.patreon.com/CixoTRealLAFAMILYBLUES,CIXOT NETWORK,181,0,0,{},"{'2025': 29, '2024': 110, '2023': 43}",0,1,no,no,no,no,no,yes,no,1,36,5,137,0,0,0,2,0,0,0,0,0,1376,817,0,0,1,0,4,"[{""name"": """", ""price"": 3.99, ""description_word_count"": 6, ""tier_id"": ""9833980""}, {""name"": ""CIXOT FAMILY MEMBERSHIP"", ""price"": 5.99, ""description_word_count"": 6, ""tier_id"": ""9832807""}, {""name"": """", ""price"": 8.99, ""description_word_count"": 19, ""tier_id"": ""10136965""}, {""name"": """", ""price"": 10.0, ""description_word_count"": 26, ""tier_id"": ""21671211""}]",153
https://www.patreon.com/BenEllerGuitars,Ben Eller,654,12228,0,{},"{'2025': 26, '2024': 89, '2023': 99, '2022': 129, '2021': 98, '2020': 133, '2019': 80}",0,0,no,no,no,no,no,no,no,0,76,121,89,0,0,0,12,0,0,0,172,78,1815,989,0,0,0,0,6,"[{""name"": ""Nephew/Niece"", ""price"": 1.0, ""description_word_count"": 35, ""tier_id"": ""1940273""}, {""name"": ""Stepdad"", ""price"": 5.0, ""description_word_count"": 40, ""tier_id"": ""1940289""}, {""name"": ""Crazy Aunt Julie"", ""price"": 10.0, ""description_word_count"": 52, ""tier_id"": ""1940293""}, {""name"": ""Francis Bubbletrousers"", ""price"": 25.0, ""description_word_count"": 41, ""tier_id"": ""1940299""}, {""name"": ""Real Dad"", ""price"": 50.0, ""description_word_count"": 51, ""tier_id"": ""1940306""}, {""name"": ""Biological Stepdad"", ""price"": 100.0, ""description_word_count"": 49, ""tier_id"": ""1940315""}]",201
https://www.patreon.com/TheWarning,The Warning,1331,0,0,{},"{'2025': 31, '2024': 116, '2023': 189, '2022': 183, '2021': 198, '2020': 192, '2019': 254, '2018': 168}",0,2,no,yes,yes,no,no,no,no,2,303,392,333,0,0,0,9,0,0,0,0,0,10471,3935,0,0,2,0,6,"[{""name"": ""Entry Fan"", ""price"": 1.0, ""description_word_count"": 100, ""tier_id"": ""2331235""}, {""name"": ""Groupie"", ""price"": 10.0, ""description_word_count"": 78, ""tier_id"": ""2331437""}, {""name"": ""The Warning Army"", ""price"": 25.0, ""description_word_count"": 145, ""tier_id"": ""2372883""}, {""name"": ""Artists"", ""price"": 50.0, ""description_word_count"": 279, ""tier_id"": ""2372892""}, {""name"": ""VIP FAN"", ""price"": 100.0, ""description_word_count"": 164, ""tier_id"": ""2372938""}, {""name"": ""The Ultimate Fan"", ""price"": 200.0, ""description_word_count"": 239, ""tier_id"": ""2372968""}]",276
https://www.patreon.com/thethirdernest,TheThirdErnest,769,4812,0,{},"{'2025': 4, '2024': 69, '2023': 152, '2022': 167, '2021': 191, '2020': 151, '2019': 35}",0,2,no,yes,yes,no,no,no,no,2,160,11,189,0,0,0,5,0,0,0,0,0,394,196,0,0,0,0,6,"[{""name"": ""Keep us alive!"", ""price"": 3.0, ""description_word_count"": 71, ""tier_id"": ""5906769""}, {""name"": ""The Ground Floor"", ""price"": 5.0, ""description_word_count"": 16, ""tier_id"": ""3804616""}, {""name"": ""That's Fire"", ""price"": 10.0, ""description_word_count"": 48, ""tier_id"": ""3804648""}, {""name"": ""THASSA BAR"", ""price"": 20.0, ""description_word_count"": 55, ""tier_id"": ""3851228""}, {""name"": ""IMMEDIATE FAMILY"", ""price"": 30.0, ""description_word_count"": 35, ""tier_id"": ""3858447""}, {""name"": ""The Critique"", ""price"": 100.0, ""description_word_count"": 107, ""tier_id"": ""5923800""}]",191
https://www.patreon.com/davidbenedictmandolin,David Benedict Mandolin,706,9383,0,{},"{'2025': 81, '2024': 128, '2023': 204, '2022': 117, '2021': 136, '2020': 40}",0,8,yes,no,yes,yes,no,yes,no,4,0,244,356,0,0,0,3,0,0,0,0,0,334,110,0,0,0,0,4,"[{""name"": ""Tier 1"", ""price"": 3.0, ""description_word_count"": 52, ""tier_id"": ""5182304""}, {""name"": ""Tier 2"", ""price"": 5.0, ""description_word_count"": 64, ""tier_id"": ""5182306""}, {""name"": ""Tier 3"", ""price"": 10.0, ""description_word_count"": 74, ""tier_id"": ""5182305""}, {""name"": ""Tier 4"", ""price"": 25.0, ""description_word_count"": 109, ""tier_id"": ""5183366""}]",260
https://www.patreon.com/johnoethguitar,John Oeth,430,1666,0,{},"{'2025': 41, '2024': 102, '2023': 106, '2022': 65, '2021': 100, '2020': 16}",0,5,no,yes,yes,yes,yes,no,no,4,66,2,361,0,0,0,0,0,0,0,0,0,381,109,0,0,0,0,6,"[{""name"": ""Supporter"", ""price"": 3.0, ""description_word_count"": 22, ""tier_id"": ""5823653""}, {""name"": ""Guitarist"", ""price"": 5.0, ""description_word_count"": 28, ""tier_id"": ""5823654""}, {""name"": ""Patron"", ""price"": 10.0, ""description_word_count"": 35, ""tier_id"": ""5823655""}, {""name"": ""Super Patron"", ""price"": 25.0, ""description_word_count"": 22, ""tier_id"": ""6576116""}, {""name"": ""Ultra Patron"", ""price"": 50.0, ""description_word_count"": 23, ""tier_id"": ""6576121""}, {""name"": ""Ultimate Patron"", ""price"": 100.0, ""description_word_count"": 24, ""tier_id"": ""6576125""}]",69
https://www.patreon.com/mauriciomurua,Mauricio Murua,600,14727,0,{},"{'2025': 20, '2024': 86, '2023': 91, '2022': 105, '2021': 127, '2020': 150, '2019': 21}",0,1,no,no,yes,no,no,no,no,1,0,34,149,0,0,0,0,0,0,0,0,0,430,142,0,0,0,0,1,"[{""name"": ""VIDEO + TABS + SLOW VERSION + B.TRACK"", ""price"": 7.0, ""description_word_count"": 22, ""tier_id"": ""4137053""}]",89
https://www.patreon.com/pauldavids,Paul Davids,471,20217,0,{},"{'2025': 4, '2024': 22, '2023': 10, '2022': 16, '2021': 24, '2020': 34, '2019': 95, '2018': 163, '2017': 103}",0,8,no,yes,yes,no,no,no,no,2,443,11,11,0,0,0,1,0,0,0,51,0,270,61,0,0,0,0,4,"[{""name"": ""One Love"", ""price"": 1.0, ""description_word_count"": 5, ""tier_id"": ""1450865""}, {""name"": ""Take Five"", ""price"": 5.0, ""description_word_count"": 22, ""tier_id"": ""1450872""}, {""name"": ""The Big Picture"", ""price"": 10.0, ""description_word_count"": 16, ""tier_id"": ""1450892""}, {""name"": ""All You Get Is Love"", ""price"": 15.0, ""description_word_count"": 14, ""tier_id"": ""1450901""}]",194
https://www.patreon.com/AlexFarranGuitar,Alex Farran Guitar,180,0,0,{},"{'2025': 12, '2024': 85, '2023': 83}",0,2,no,no,yes,yes,no,no,no,2,2,19,20,0,0,0,0,0,0,0,233,344,976,1009,0,0,0,0,1,"[{""name"": ""Full Access"", ""price"": 0.0, ""description_word_count"": 75, ""tier_id"": ""9849364""}]",86
https://www.patreon.com/anyonecanplayguitar,Anyone Can Play Guitar,542,4716,0,{},"{'2025': 41, '2024': 60, '2023': 83, '2022': 78, '2021': 87, '2020': 87, '2019': 70, '2018': 36}",0,1,no,no,no,no,no,no,no,0,266,0,121,0,0,0,0,0,0,0,12,1,1293,565,0,0,0,0,6,"[{""name"": ""Pay what you can afford 1"", ""price"": 5.0, ""description_word_count"": 6, ""tier_id"": ""21434834""}, {""name"": ""Pay what you can afford 1"", ""price"": 5.0, ""description_word_count"": 0, ""tier_id"": ""21434867""}, {""name"": ""Pay what you can afford 2"", ""price"": 7.5, ""description_word_count"": 0, ""tier_id"": ""21434948""}, {""name"": ""Pay what you can afford 3"", ""price"": 10.0, ""description_word_count"": 0, ""tier_id"": ""21434879""}, {""name"": ""Pay what you can afford 4"", ""price"": 15.0, ""description_word_count"": 0, ""tier_id"": ""21434884""}, {""name"": ""Pay what you can afford 5"", ""price"": 25.0, ""description_word_count"": 0, ""tier_id"": ""21435032""}]",412
https://www.patreon.com/MrTabs,Mr. Tabs,362,1442,0,{},"{'2025': 19, '2024': 69, '2023': 76, '2022': 82, '2021': 85, '2020': 31}",0,1,no,no,yes,no,no,no,no,1,82,31,17,0,0,0,27,0,0,0,0,0,208,92,0,0,0,0,2,"[{""name"": ""Small Donation"", ""price"": 2.0, ""description_word_count"": 19, ""tier_id"": ""5584324""}, {""name"": ""Weekly Guitar Lesson Bundle"", ""price"": 5.0, ""description_word_count"": 108, ""tier_id"": ""5584367""}]",117
https://www.patreon.com/EvenSteve,Even Steve,171,0,0,{},"{'2025': 28, '2024': 121, '2023': 22}",0,1,no,no,yes,no,no,no,no,1,5,120,45,0,0,0,0,0,0,0,0,0,495,245,0,0,0,0,1,"[{""name"": ""Current Edits"", ""price"": 15.0, ""description_word_count"": 83, ""tier_id"": ""10076248""}]",40
https://www.patreon.com/TheValleyGirlsTV,TheValleyGirlsTV,54,0,0,{},"{'2025': 22, '2024': 36}",0,2,no,no,yes,yes,no,no,no,2,0,0,51,0,0,0,0,0,0,0,0,0,1944,5497,0,0,0,0,1,"[{""name"": """", ""price"": 5.0, ""description_word_count"": 16, ""tier_id"": ""22712456""}]",51
https://www.patreon.com/dinniman,Matt Dinniman,246,8512,0,{},"{'2025': 4, '2024': 35, '2023': 35, '2022': 32, '2021': 47, '2020': 93}",0,2,no,yes,yes,no,no,no,no,2,226,6,0,0,0,0,14,0,0,0,218,88,10342,6338,0,0,0,0,4,"[{""name"": ""Silver Benefactor Box"", ""price"": 3.0, ""description_word_count"": 16, ""tier_id"": ""4564516""}, {""name"": ""Platinum Benefactor Box"", ""price"": 5.0, ""description_word_count"": 36, ""tier_id"": ""4564517""}, {""name"": ""Celestial Benefactor Box"", ""price"": 10.0, ""description_word_count"": 17, ""tier_id"": ""4564515""}, {""name"": ""Dungeon God"", ""price"": 30.0, ""description_word_count"": 56, ""tier_id"": ""5120417""}]",101
https://www.patreon.com/markemiller,MarkE Miller,229,0,0,{},"{'2025': 15, '2024': 78, '2023': 89, '2022': 47}",0,2,no,no,yes,yes,no,no,no,2,6,84,93,0,0,0,1,0,0,0,0,0,9726,119,0,0,0,0,3,"[{""name"": ""Friends"", ""price"": 6.0, ""description_word_count"": 15, ""tier_id"": ""8730525""}, {""name"": ""Best Friends"", ""price"": 10.0, ""description_word_count"": 26, ""tier_id"": ""8599064""}, {""name"": ""Friends with Benefits"", ""price"": 30.0, ""description_word_count"": 59, ""tier_id"": ""22106488""}]",235
https://www.patreon.com/PrettyGay,Pretty Gay,77,3214,0,{},"{'2025': 21, '2024': 56}",0,3,no,no,yes,yes,no,yes,no,3,10,11,46,0,0,0,1,0,0,0,127,9,1711,388,0,0,1,0,3,"[{""name"": ""First Base"", ""price"": 5.0, ""description_word_count"": 145, ""tier_id"": ""22065683""}, {""name"": ""Second Base"", ""price"": 10.0, ""description_word_count"": 84, ""tier_id"": ""22065907""}, {""name"": ""Third Base"", ""price"": 25.0, ""description_word_count"": 103, ""tier_id"": ""22065912""}]",158
https://www.patreon.com/cerim,cerim,252,4539,19420,{},"{'2025': 77, '2024': 156, '2023': 19}",0,1,no,no,no,no,no,no,no,0,231,17,0,0,0,0,4,0,0,0,105,9,10336,2255,0,0,1,0,3,"[{""name"": ""Tier 1"", ""price"": 3.0, ""description_word_count"": 13, ""tier_id"": ""9681969""}, {""name"": ""Tier 2"", ""price"": 5.0, ""description_word_count"": 13, ""tier_id"": ""9681972""}, {""name"": ""Tier 3"", ""price"": 10.0, ""description_word_count"": 13, ""tier_id"": ""9681974""}]",40
https://www.patreon.com/WinterblazeC,WinterblazeC,106,5775,0,{},"{'2025': 34, '2024': 72}",0,0,no,no,no,no,no,no,no,0,6,99,0,0,0,0,1,0,0,0,0,0,3760,748,0,0,0,0,3,"[{""name"": ""Next Door Neighbour <3"", ""price"": 2.0, ""description_word_count"": 59, ""tier_id"": ""22369728""}, {""name"": ""Project Partner"", ""price"": 3.5, ""description_word_count"": 59, ""tier_id"": ""24217469""}, {""name"": ""Classmate"", ""price"": 5.0, ""description_word_count"": 77, ""tier_id"": ""24217486""}]",0
https://www.patreon.com/BaconMacleod,Bacon Macleod,272,2718,9179,{},"{'2025': 109, '2024': 163}",0,0,no,no,no,no,no,no,no,0,269,0,0,0,0,0,3,0,0,0,0,0,4158,451,0,0,0,0,2,"[{""name"": ""General Support"", ""price"": 1.0, ""description_word_count"": 24, ""tier_id"": ""23883323""}, {""name"": ""Runeblade"", ""price"": 10.0, ""description_word_count"": 32, ""tier_id"": ""23883295""}]",33
https://www.patreon.com/Actus,Actus,1380,5601,19430,{},"{'2025': 232, '2024': 449, '2023': 153, '2022': 239, '2021': 307}",0,1,no,no,yes,no,no,no,no,1,1296,49,3,0,0,0,32,0,0,0,0,0,2964,366,0,0,1,0,6,"[{""name"": ""First Mate"", ""price"": 5.0, ""description_word_count"": 36, ""tier_id"": ""6536454""}, {""name"": ""Runebound/Living Forge"", ""price"": 10.0, ""description_word_count"": 50, ""tier_id"": ""6670745""}, {""name"": ""Nightmare Realm Summoner"", ""price"": 10.0, ""description_word_count"": 24, ""tier_id"": ""23211398""}, {""name"": ""S-Rank Adventurer (Read everything!)"", ""price"": 15.0, ""description_word_count"": 98, ""tier_id"": ""6735354""}, {""name"": ""Sausage Ranked Adventurer"", ""price"": 35.0, ""description_word_count"": 96, ""tier_id"": ""7357064""}, {""name"": ""Monarch"", ""price"": 50.0, ""description_word_count"": 64, ""tier_id"": ""9092880""}]",50
https://www.patreon.com/user?u=86905320,Robert Blaise,180,2038,6012,{},"{'2025': 25, '2024': 129, '2023': 26}",0,0,no,no,no,no,no,no,no,0,178,0,0,0,0,0,0,0,0,0,341,90,2583,826,0,0,1,0,2,"[{""name"": ""Young Master"", ""price"": 5.0, ""description_word_count"": 12, ""tier_id"": ""9424561""}, {""name"": ""Elder"", ""price"": 10.0, ""description_word_count"": 12, ""tier_id"": ""9516246""}]",0
https://www.patreon.com/C_Mantis,C. Mantis,425,7155,24740,{},"{'2025': 27, '2024': 90, '2023': 123, '2022': 104, '2021': 81}",0,0,no,no,no,no,no,no,no,0,415,8,0,0,0,0,1,0,0,0,0,0,11170,2005,0,0,0,0,6,"[{""name"": ""Tier 1"", ""price"": 1.0, ""description_word_count"": 23, ""tier_id"": ""6453810""}, {""name"": ""Tier 3"", ""price"": 3.0, ""description_word_count"": 13, ""tier_id"": ""6453811""}, {""name"": ""Tier 5"", ""price"": 5.0, ""description_word_count"": 13, ""tier_id"": ""6453812""}, {""name"": ""Tier 15"", ""price"": 10.0, ""description_word_count"": 21, ""tier_id"": ""6829346""}, {""name"": ""Tier 25"", ""price"": 20.0, ""description_word_count"": 28, ""tier_id"": ""6829357""}, {""name"": ""Tier 50"", ""price"": 50.0, ""description_word_count"": 31, ""tier_id"": ""7344412""}]",32
https://www.patreon.com/aliceoseman,Alice Oseman,2621,23667,0,{},"{'2025': 107, '2024': 169, '2023': 240, '2022': 122, '2021': 180, '2020': 436, '2019': 419, '2018': 454, '2017': 473, '2016': 21}",0,4,no,no,yes,no,no,no,no,1,61,2555,2,0,0,0,3,0,0,0,0,0,2732,2479,0,0,2,0,3,"[{""name"": ""BEHIND-THE-SCENES TIER"", ""price"": 1.0, ""description_word_count"": 39, ""tier_id"": ""559426""}, {""name"": ""EARLY UPDATE TIER"", ""price"": 2.5, ""description_word_count"": 19, ""tier_id"": ""559427""}, {""name"": ""FULL COMIC TIER"", ""price"": 5.0, ""description_word_count"": 25, ""tier_id"": ""559428""}]",351
